Q1,Q2,Q3,Q4,Q5,Q6,Q7,Q8,Q9,Q10,Q11,Q12,Q13,Q14,Q15,Q16,Q17,Q18,Career
3,4,2,4,2,4,3,2,4,1,3,3,2,3,2,3,3,3,Software Engineer
3,4,2,4,2,4,3,2,3,1,3,3,2,4,2,3,3,3,Software Engineer
4,4,1,3,2,3,2,2,4,2,2,3,2,3,2,4,4,2,Software Engineer
4,3,1,4,2,3,3,2,3,1,3,3,2,4,2,3,3,3,Software Engineer
3,4,1,3,2,4,2,2,3,1,2,4,2,3,2,4,4,3,Software Engineer
4,3,1,4,2,4,2,2,3,2,2,4,2,3,2,3,4,2,Software Engineer
3,3,1,4,2,4,2,2,4,2,2,3,2,4,2,3,4,3,Software Engineer
4,3,2,4,2,4,3,2,3,2,3,3,2,3,2,3,3,2,Software Engineer
4,4,2,4,1,4,2,2,3,2,2,4,2,4,2,3,3,2,Software Engineer
3,4,1,4,1,4,2,2,4,1,3,4,2,3,2,3,3,3,Software Engineer
3,4,1,4,2,3,3,2,4,1,2,3,2,4,2,3,3,3,Software Engineer
4,3,2,3,2,4,3,2,3,1,2,3,2,3,2,4,3,3,Software Engineer
4,4,1,4,1,3,3,2,3,2,3,3,2,3,2,4,3,3,Software Engineer
4,3,2,3,2,4,3,2,3,1,2,3,2,4,2,3,3,3,Software Engineer
4,3,2,4,1,3,3,2,3,1,3,4,2,4,2,3,4,3,Software Engineer
3,3,2,4,2,3,3,2,4,1,3,3,2,3,2,3,4,2,Software Engineer
3,4,2,3,2,3,3,2,3,1,3,3,2,4,2,4,4,3,Software Engineer
3,3,1,4,2,3,3,2,3,1,2,3,2,4,2,4,3,2,Software Engineer
4,3,2,4,2,4,2,2,3,2,3,3,2,3,2,4,3,2,Software Engineer
4,4,2,3,2,3,3,2,3,1,3,4,2,3,2,4,3,2,Software Engineer
3,3,2,3,1,3,2,2,4,1,3,4,2,4,2,4,4,3,Software Engineer
4,3,1,4,1,3,2,2,3,2,2,3,2,3,2,4,4,3,Software Engineer
3,4,1,3,2,3,2,2,4,1,2,4,2,4,2,4,3,2,Software Engineer
3,3,2,3,1,4,3,2,4,1,3,4,2,3,2,4,3,2,Software Engineer
3,4,1,3,2,3,2,2,3,1,2,4,2,3,2,4,4,3,Software Engineer
4,4,1,3,1,4,3,2,3,2,2,4,2,3,2,4,4,3,Software Engineer
4,4,2,4,1,3,2,2,3,1,2,4,2,3,2,4,3,2,Software Engineer
3,4,2,4,2,3,2,2,3,2,2,4,2,4,2,4,4,3,Software Engineer
4,3,1,4,2,3,2,2,4,1,3,3,2,3,2,4,3,2,Software Engineer
4,4,1,4,2,3,2,2,4,1,3,4,2,4,2,3,3,2,Software Engineer
3,3,1,3,1,3,2,2,3,2,2,3,2,3,2,4,4,3,Software Engineer
4,3,2,4,1,3,3,2,3,2,2,4,2,3,2,4,3,3,Software Engineer
4,4,1,4,2,4,2,2,4,1,3,4,2,4,2,3,4,3,Software Engineer
4,4,1,3,2,4,3,2,3,1,3,3,2,4,2,3,3,3,Software Engineer
4,3,1,4,1,3,2,2,3,1,2,3,2,3,2,4,3,2,Software Engineer
4,4,2,3,1,4,3,2,4,1,3,3,2,4,2,4,3,3,Software Engineer
4,3,1,3,2,3,2,2,4,2,3,3,2,4,2,4,3,2,Software Engineer
3,4,1,3,2,3,3,2,3,2,2,4,2,4,2,3,4,3,Software Engineer
4,4,2,4,1,4,2,2,4,2,3,3,2,3,2,3,4,3,Software Engineer
3,3,2,4,2,3,3,2,4,2,2,3,2,3,2,4,3,2,Software Engineer
3,4,1,4,2,4,2,2,3,1,2,4,2,3,2,4,4,2,Software Engineer
3,4,2,3,1,4,3,2,4,2,3,3,2,4,2,3,4,3,Software Engineer
4,3,2,4,1,4,2,2,4,1,2,3,2,4,2,4,4,2,Software Engineer
4,4,2,3,2,4,3,2,4,1,3,4,2,4,2,4,3,3,Software Engineer
3,4,2,3,2,3,2,2,3,1,2,3,2,4,2,3,3,3,Software Engineer
4,4,2,3,1,4,3,2,3,2,3,3,2,4,2,3,3,3,Software Engineer
4,3,2,4,1,3,2,2,3,2,3,3,2,3,2,4,3,2,Software Engineer
4,4,2,4,1,3,2,2,4,1,2,3,2,4,2,3,3,2,Software Engineer
4,3,1,4,2,3,2,2,3,2,2,3,2,3,2,4,3,3,Software Engineer
3,4,2,4,2,3,3,2,4,2,2,3,2,3,2,4,3,2,Software Engineer
4,3,1,4,2,4,2,2,3,1,3,3,2,3,2,3,3,2,Software Engineer
4,3,2,3,2,4,3,2,4,1,3,4,2,4,2,3,3,3,Software Engineer
3,3,2,3,1,4,3,2,4,2,2,4,2,4,2,4,4,3,Software Engineer
3,4,1,3,2,3,3,2,3,2,2,3,2,4,2,3,4,3,Software Engineer
3,4,1,3,1,4,2,2,4,2,3,4,2,3,2,4,4,3,Software Engineer
3,3,2,3,2,3,2,2,4,2,3,3,2,3,2,4,4,3,Software Engineer
3,3,2,3,1,3,3,2,3,1,3,4,2,4,2,4,4,3,Software Engineer
3,3,1,4,1,4,3,2,3,1,3,3,2,4,2,4,3,2,Software Engineer
4,4,2,4,1,4,3,2,4,2,2,3,2,3,2,4,4,3,Software Engineer
3,3,1,4,2,3,2,2,3,2,3,4,2,4,2,3,3,2,Software Engineer
3,3,1,3,2,3,2,2,3,2,3,3,2,3,2,4,4,2,Software Engineer
4,3,2,3,2,3,2,2,3,1,2,3,2,3,2,3,4,2,Software Engineer
4,4,1,4,1,3,2,2,3,2,3,3,2,4,2,4,3,2,Software Engineer
3,3,2,4,1,3,2,2,3,1,3,3,2,4,2,3,4,3,Software Engineer
4,3,2,3,1,3,2,2,3,1,3,4,2,4,2,4,3,2,Software Engineer
3,4,2,4,2,4,2,2,4,2,3,3,2,4,2,3,3,2,Software Engineer
3,3,1,3,2,4,3,2,4,2,2,4,2,3,2,4,4,2,Software Engineer
3,4,1,4,1,4,3,2,3,2,3,3,2,3,2,3,3,2,Software Engineer
3,3,2,4,2,4,2,2,3,1,2,4,2,4,2,4,4,3,Software Engineer
3,3,1,3,1,4,2,2,4,1,2,4,2,3,2,3,4,2,Software Engineer
4,3,2,3,1,3,3,2,4,2,3,4,2,3,2,4,3,3,Software Engineer
4,3,2,3,2,4,2,2,4,1,3,3,2,3,2,4,3,2,Software Engineer
3,3,2,4,2,4,3,2,4,1,2,3,2,3,2,3,3,3,Software Engineer
4,4,2,3,1,4,2,2,3,2,3,4,2,4,2,4,3,3,Software Engineer
4,3,2,3,1,4,2,2,4,1,2,3,2,4,2,3,3,3,Software Engineer
4,4,2,4,1,4,2,2,4,1,3,3,2,3,2,4,4,2,Software Engineer
3,3,2,4,2,3,3,2,4,2,3,3,2,3,2,3,3,2,Software Engineer
4,3,2,3,2,3,3,2,3,2,2,3,2,4,2,3,4,3,Software Engineer
3,3,1,4,1,3,2,2,3,2,3,4,2,3,2,3,4,2,Software Engineer
4,4,1,3,2,3,2,2,4,2,2,4,2,4,2,4,4,2,Software Engineer
4,3,2,3,1,3,2,2,4,2,2,3,2,3,2,4,3,2,Software Engineer
4,4,1,4,2,3,2,2,3,2,2,3,2,4,2,3,4,2,Software Engineer
3,3,2,4,1,4,3,2,3,2,3,3,2,4,2,4,4,3,Software Engineer
3,4,2,3,1,4,3,2,3,1,3,4,2,4,2,4,3,2,Software Engineer
4,3,1,3,1,3,2,2,3,2,2,4,2,4,2,3,3,2,Software Engineer
3,3,1,3,1,3,3,2,4,1,2,3,2,3,2,4,4,3,Software Engineer
3,3,2,3,1,3,3,2,3,2,2,3,2,4,2,4,4,2,Software Engineer
3,3,1,3,2,4,3,2,3,2,2,3,2,3,2,3,3,3,Software Engineer
4,3,2,3,2,3,2,2,4,1,3,3,2,4,2,4,4,3,Software Engineer
4,3,2,3,1,4,2,2,4,1,3,4,2,4,2,3,4,3,Software Engineer
4,3,2,3,1,4,3,2,4,2,3,4,2,3,2,3,4,3,Software Engineer
3,3,2,3,1,4,3,2,4,2,2,3,2,3,2,4,4,3,Software Engineer
4,3,1,4,1,3,2,2,3,2,2,3,2,4,2,4,4,2,Software Engineer
4,3,1,4,1,3,3,2,4,2,2,3,2,3,2,3,4,3,Software Engineer
4,4,1,4,2,3,2,2,4,2,3,4,2,4,2,3,3,3,Software Engineer
3,3,2,4,2,4,2,2,3,1,2,3,2,3,2,4,3,3,Software Engineer
4,4,2,3,1,4,2,2,4,1,3,3,2,4,2,3,4,3,Software Engineer
3,3,2,4,2,4,3,2,4,2,3,4,2,3,2,3,4,2,Software Engineer
4,4,2,4,1,4,3,2,4,1,3,4,2,4,2,3,4,3,Software Engineer
3,3,2,4,1,3,3,2,4,2,2,3,2,3,2,4,3,3,Software Engineer
1,2,4,2,4,2,3,2,4,4,3,3,2,3,2,3,2,2,UX Designer
1,2,4,1,4,2,3,2,4,4,3,3,2,3,2,4,2,2,UX Designer
2,2,4,2,4,2,3,2,4,4,3,3,2,3,2,3,2,2,UX Designer
2,1,4,1,4,2,3,2,4,4,3,3,2,3,2,3,2,2,UX Designer
1,1,4,1,4,2,4,2,4,4,3,3,2,3,2,3,2,2,UX Designer
1,2,4,1,4,2,3,2,4,4,3,3,2,3,2,4,2,2,UX Designer
2,2,4,1,4,2,3,2,4,4,3,3,2,3,2,3,2,2,UX Designer
2,1,4,1,4,2,3,2,3,4,3,3,2,3,2,3,2,2,UX Designer
2,2,4,2,4,2,3,2,3,4,3,3,2,3,2,4,2,2,UX Designer
1,2,4,1,4,2,4,2,4,4,3,3,2,3,2,4,2,2,UX Designer
1,2,4,1,4,2,4,2,4,4,3,3,2,3,2,3,2,2,UX Designer
2,1,4,1,4,2,4,2,3,4,3,3,2,3,2,4,2,2,UX Designer
2,2,4,2,4,2,4,2,4,4,3,3,2,3,2,4,2,2,UX Designer
1,2,4,2,4,2,4,2,3,4,3,3,2,3,2,3,2,2,UX Designer
2,2,4,1,4,2,3,2,4,4,3,3,2,3,2,3,2,2,UX Designer
1,1,4,1,4,2,4,2,3,4,3,3,2,3,2,4,2,2,UX Designer
2,2,4,1,4,2,4,2,3,4,3,3,2,3,2,4,2,2,UX Designer
1,1,4,2,4,2,4,2,4,4,3,3,2,3,2,3,2,2,UX Designer
1,1,4,1,4,2,4,2,4,4,3,3,2,3,2,3,2,2,UX Designer
1,1,4,1,4,2,3,2,3,4,3,3,2,3,2,3,2,2,UX Designer
1,1,4,2,4,2,3,2,3,4,3,3,2,3,2,3,2,2,UX Designer
2,1,4,2,4,2,3,2,3,4,3,3,2,3,2,4,2,2,UX Designer
2,1,4,1,4,2,4,2,4,4,3,3,2,3,2,4,2,2,UX Designer
1,1,4,2,4,2,4,2,3,4,3,3,2,3,2,4,2,2,UX Designer
2,1,4,2,4,2,3,2,4,4,3,3,2,3,2,4,2,2,UX Designer
2,2,4,1,4,2,3,2,4,4,3,3,2,3,2,4,2,2,UX Designer
2,2,4,1,4,2,4,2,4,4,3,3,2,3,2,4,2,2,UX Designer
2,2,4,1,4,2,3,2,3,4,3,3,2,3,2,3,2,2,UX Designer
1,1,4,2,4,2,3,2,3,4,3,3,2,3,2,4,2,2,UX Designer
2,1,4,2,4,2,4,2,3,4,3,3,2,3,2,4,2,2,UX Designer
2,2,4,1,4,2,3,2,3,4,3,3,2,3,2,4,2,2,UX Designer
2,2,4,1,4,2,3,2,3,4,3,3,2,3,2,4,2,2,UX Designer
1,1,4,1,4,2,3,2,4,4,3,3,2,3,2,3,2,2,UX Designer
2,1,4,1,4,2,4,2,3,4,3,3,2,3,2,4,2,2,UX Designer
1,2,4,2,4,2,3,2,3,4,3,3,2,3,2,3,2,2,UX Designer
1,2,4,1,4,2,3,2,3,4,3,3,2,3,2,3,2,2,UX Designer
1,1,4,2,4,2,4,2,3,4,3,3,2,3,2,3,2,2,UX Designer
1,2,4,2,4,2,4,2,3,4,3,3,2,3,2,4,2,2,UX Designer
1,1,4,2,4,2,4,2,4,4,3,3,2,3,2,3,2,2,UX Designer
1,1,4,1,4,2,4,2,3,4,3,3,2,3,2,4,2,2,UX Designer
1,1,4,1,4,2,3,2,4,4,3,3,2,3,2,3,2,2,UX Designer
1,1,4,2,4,2,3,2,3,4,3,3,2,3,2,4,2,2,UX Designer
2,1,4,1,4,2,4,2,4,4,3,3,2,3,2,4,2,2,UX Designer
2,1,4,2,4,2,4,2,4,4,3,3,2,3,2,3,2,2,UX Designer
1,2,4,1,4,2,3,2,4,4,3,3,2,3,2,4,2,2,UX Designer
2,1,4,1,4,2,4,2,4,4,3,3,2,3,2,4,2,2,UX Designer
1,2,4,2,4,2,3,2,3,4,3,3,2,3,2,4,2,2,UX Designer
1,1,4,1,4,2,4,2,4,4,3,3,2,3,2,3,2,2,UX Designer
1,2,4,2,4,2,4,2,3,4,3,3,2,3,2,3,2,2,UX Designer
2,2,4,2,4,2,3,2,4,4,3,3,2,3,2,3,2,2,UX Designer
1,2,4,2,4,2,4,2,4,4,3,3,2,3,2,3,2,2,UX Designer
1,1,4,2,4,2,3,2,3,4,3,3,2,3,2,3,2,2,UX Designer
1,2,4,1,4,2,3,2,4,4,3,3,2,3,2,4,2,2,UX Designer
2,2,4,2,4,2,3,2,4,4,3,3,2,3,2,3,2,2,UX Designer
2,2,4,1,4,2,3,2,3,4,3,3,2,3,2,4,2,2,UX Designer
2,1,4,2,4,2,3,2,3,4,3,3,2,3,2,4,2,2,UX Designer
2,1,4,2,4,2,3,2,4,4,3,3,2,3,2,4,2,2,UX Designer
1,1,4,1,4,2,3,2,4,4,3,3,2,3,2,4,2,2,UX Designer
1,1,4,1,4,2,4,2,3,4,3,3,2,3,2,4,2,2,UX Designer
2,2,4,2,4,2,4,2,4,4,3,3,2,3,2,4,2,2,UX Designer
2,2,4,1,4,2,3,2,4,4,3,3,2,3,2,4,2,2,UX Designer
1,2,4,1,4,2,3,2,3,4,3,3,2,3,2,4,2,2,UX Designer
2,1,4,1,4,2,3,2,3,4,3,3,2,3,2,3,2,2,UX Designer
1,1,4,2,4,2,4,2,4,4,3,3,2,3,2,3,2,2,UX Designer
1,1,4,2,4,2,4,2,3,4,3,3,2,3,2,3,2,2,UX Designer
2,2,4,1,4,2,3,2,4,4,3,3,2,3,2,3,2,2,UX Designer
2,2,4,2,4,2,4,2,4,4,3,3,2,3,2,3,2,2,UX Designer
2,2,4,2,4,2,3,2,4,4,3,3,2,3,2,4,2,2,UX Designer
1,1,4,2,4,2,4,2,4,4,3,3,2,3,2,3,2,2,UX Designer
2,2,4,1,4,2,4,2,4,4,3,3,2,3,2,3,2,2,UX Designer
2,1,4,2,4,2,4,2,3,4,3,3,2,3,2,4,2,2,UX Designer
1,1,4,1,4,2,4,2,3,4,3,3,2,3,2,3,2,2,UX Designer
1,2,4,1,4,2,4,2,3,4,3,3,2,3,2,3,2,2,UX Designer
2,2,4,1,4,2,4,2,4,4,3,3,2,3,2,3,2,2,UX Designer
2,1,4,2,4,2,3,2,4,4,3,3,2,3,2,3,2,2,UX Designer
1,1,4,1,4,2,3,2,3,4,3,3,2,3,2,3,2,2,UX Designer
2,1,4,1,4,2,4,2,4,4,3,3,2,3,2,3,2,2,UX Designer
2,2,4,1,4,2,3,2,4,4,3,3,2,3,2,4,2,2,UX Designer
1,1,4,2,4,2,4,2,4,4,3,3,2,3,2,4,2,2,UX Designer
2,2,4,1,4,2,4,2,4,4,3,3,2,3,2,4,2,2,UX Designer
2,2,4,2,4,2,3,2,4,4,3,3,2,3,2,4,2,2,UX Designer
1,2,4,2,4,2,3,2,3,4,3,3,2,3,2,3,2,2,UX Designer
2,1,4,1,4,2,3,2,4,4,3,3,2,3,2,4,2,2,UX Designer
1,2,4,1,4,2,4,2,4,4,3,3,2,3,2,4,2,2,UX Designer
2,2,4,2,4,2,4,2,4,4,3,3,2,3,2,4,2,2,UX Designer
1,2,4,2,4,2,4,2,3,4,3,3,2,3,2,4,2,2,UX Designer
2,2,4,1,4,2,3,2,4,4,3,3,2,3,2,4,2,2,UX Designer
2,2,4,1,4,2,3,2,4,4,3,3,2,3,2,3,2,2,UX Designer
1,2,4,1,4,2,4,2,3,4,3,3,2,3,2,3,2,2,UX Designer
2,1,4,1,4,2,4,2,3,4,3,3,2,3,2,3,2,2,UX Designer
2,1,4,1,4,2,3,2,4,4,3,3,2,3,2,4,2,2,UX Designer
2,1,4,1,4,2,4,2,4,4,3,3,2,3,2,4,2,2,UX Designer
1,2,4,2,4,2,4,2,4,4,3,3,2,3,2,4,2,2,UX Designer
2,2,4,1,4,2,4,2,4,4,3,3,2,3,2,3,2,2,UX Designer
2,2,4,1,4,2,4,2,3,4,3,3,2,3,2,4,2,2,UX Designer
1,1,4,2,4,2,4,2,3,4,3,3,2,3,2,4,2,2,UX Designer
2,1,4,1,4,2,3,2,4,4,3,3,2,3,2,3,2,2,UX Designer
1,2,4,1,4,2,4,2,4,4,3,3,2,3,2,4,2,2,UX Designer
1,2,4,1,4,2,3,2,3,4,3,3,2,3,2,4,2,2,UX Designer
2,2,4,2,4,2,4,2,4,4,3,3,2,3,2,4,2,2,UX Designer
4,3,1,4,1,4,3,1,4,2,3,3,2,4,1,4,4,2,Data Scientist
4,4,1,4,1,3,2,1,4,2,2,4,2,3,1,4,4,2,Data Scientist
4,3,1,4,1,4,2,2,4,2,2,3,2,3,1,4,4,2,Data Scientist
4,3,1,4,1,4,3,2,3,2,2,3,2,4,1,4,3,2,Data Scientist
4,3,1,4,1,3,3,1,3,2,3,4,2,3,1,4,3,2,Data Scientist
4,3,1,4,1,4,2,2,3,2,3,4,2,4,1,4,4,2,Data Scientist
4,3,1,4,1,4,3,1,3,2,3,4,2,4,1,4,4,2,Data Scientist
4,4,1,4,1,4,2,1,3,2,2,3,2,3,1,4,3,2,Data Scientist
4,3,1,4,1,4,3,2,3,2,2,3,2,4,1,4,3,2,Data Scientist
4,3,1,4,1,4,3,1,3,2,2,3,2,3,1,4,3,2,Data Scientist
4,3,1,4,1,3,2,1,4,2,3,4,2,4,1,4,3,2,Data Scientist
4,3,1,4,1,3,2,1,4,2,3,4,2,3,1,4,4,2,Data Scientist
4,3,1,4,1,3,2,1,4,2,3,3,2,4,1,4,4,2,Data Scientist
4,3,1,4,1,4,3,1,4,2,3,4,2,3,1,4,3,2,Data Scientist
4,4,1,4,1,3,3,1,4,2,3,4,2,3,1,4,4,2,Data Scientist
4,3,1,4,1,3,3,1,4,2,2,3,2,4,1,4,3,2,Data Scientist
4,4,1,4,1,3,2,1,4,2,2,4,2,3,1,4,4,2,Data Scientist
4,3,1,4,1,3,3,1,4,2,2,3,2,3,1,4,3,2,Data Scientist
4,4,1,4,1,3,3,1,3,2,3,3,2,3,1,4,4,2,Data Scientist
4,4,1,4,1,4,3,2,4,2,3,4,2,4,1,4,3,2,Data Scientist
4,4,1,4,1,3,3,1,3,2,3,4,2,4,1,4,4,2,Data Scientist
4,4,1,4,1,3,3,2,3,2,2,3,2,3,1,4,3,2,Data Scientist
4,4,1,4,1,3,3,1,3,2,3,3,2,3,1,4,4,2,Data Scientist
4,3,1,4,1,4,3,1,4,2,2,4,2,3,1,4,3,2,Data Scientist
4,4,1,4,1,4,2,2,4,2,2,3,2,4,1,4,4,2,Data Scientist
4,3,1,4,1,4,2,2,3,2,2,4,2,3,1,4,3,2,Data Scientist
4,3,1,4,1,4,3,1,4,2,3,4,2,4,1,4,3,2,Data Scientist
4,4,1,4,1,3,3,2,4,2,3,3,2,3,1,4,4,2,Data Scientist
4,3,1,4,1,4,3,1,3,2,3,4,2,4,1,4,4,2,Data Scientist
4,3,1,4,1,3,3,2,4,2,2,4,2,3,1,4,4,2,Data Scientist
4,3,1,4,1,4,2,1,4,2,3,4,2,3,1,4,3,2,Data Scientist
4,3,1,4,1,3,2,2,3,2,3,4,2,4,1,4,3,2,Data Scientist
4,3,1,4,1,4,2,2,3,2,3,4,2,4,1,4,4,2,Data Scientist
4,4,1,4,1,4,2,2,3,2,2,3,2,4,1,4,3,2,Data Scientist
4,3,1,4,1,4,3,2,3,2,3,3,2,3,1,4,3,2,Data Scientist
4,3,1,4,1,4,3,2,3,2,2,4,2,4,1,4,3,2,Data Scientist
4,4,1,4,1,3,3,2,4,2,2,4,2,4,1,4,4,2,Data Scientist
4,4,1,4,1,4,3,1,4,2,3,4,2,3,1,4,3,2,Data Scientist
4,4,1,4,1,3,3,1,3,2,2,4,2,3,1,4,4,2,Data Scientist
4,3,1,4,1,3,3,1,4,2,2,3,2,4,1,4,4,2,Data Scientist
4,4,1,4,1,4,2,1,4,2,3,3,2,4,1,4,3,2,Data Scientist
4,4,1,4,1,4,2,2,3,2,2,3,2,3,1,4,4,2,Data Scientist
4,3,1,4,1,4,2,1,3,2,3,3,2,4,1,4,3,2,Data Scientist
4,4,1,4,1,4,3,1,4,2,2,3,2,3,1,4,4,2,Data Scientist
4,4,1,4,1,3,3,1,4,2,2,4,2,3,1,4,4,2,Data Scientist
4,4,1,4,1,4,2,2,4,2,2,3,2,3,1,4,3,2,Data Scientist
4,3,1,4,1,4,2,2,4,2,3,3,2,3,1,4,3,2,Data Scientist
4,3,1,4,1,4,3,2,4,2,2,4,2,4,1,4,4,2,Data Scientist
4,4,1,4,1,4,3,2,3,2,2,3,2,3,1,4,3,2,Data Scientist
4,3,1,4,1,4,2,2,4,2,3,4,2,4,1,4,3,2,Data Scientist
4,3,1,4,1,3,3,2,3,2,2,3,2,3,1,4,4,2,Data Scientist
4,4,1,4,1,4,2,1,3,2,2,3,2,4,1,4,4,2,Data Scientist
4,4,1,4,1,3,2,2,4,2,3,4,2,4,1,4,3,2,Data Scientist
4,4,1,4,1,3,2,1,3,2,3,4,2,4,1,4,3,2,Data Scientist
4,3,1,4,1,4,2,2,3,2,3,4,2,3,1,4,4,2,Data Scientist
4,4,1,4,1,4,2,2,4,2,2,3,2,3,1,4,4,2,Data Scientist
4,3,1,4,1,3,3,2,3,2,2,4,2,3,1,4,3,2,Data Scientist
4,3,1,4,1,3,3,1,4,2,2,4,2,3,1,4,4,2,Data Scientist
4,4,1,4,1,3,2,1,3,2,3,4,2,4,1,4,3,2,Data Scientist
4,4,1,4,1,4,3,2,4,2,2,3,2,4,1,4,4,2,Data Scientist
4,3,1,4,1,4,2,1,4,2,3,3,2,3,1,4,3,2,Data Scientist
4,3,1,4,1,3,2,1,4,2,2,4,2,4,1,4,4,2,Data Scientist
4,4,1,4,1,3,2,1,3,2,2,4,2,3,1,4,3,2,Data Scientist
4,3,1,4,1,4,2,1,3,2,3,4,2,4,1,4,3,2,Data Scientist
4,4,1,4,1,4,2,1,3,2,3,4,2,3,1,4,4,2,Data Scientist
4,4,1,4,1,4,3,2,3,2,2,3,2,4,1,4,4,2,Data Scientist
4,4,1,4,1,3,3,1,3,2,2,4,2,3,1,4,4,2,Data Scientist
4,4,1,4,1,3,2,1,4,2,2,3,2,3,1,4,4,2,Data Scientist
4,3,1,4,1,3,3,2,4,2,2,3,2,3,1,4,4,2,Data Scientist
4,4,1,4,1,4,3,1,4,2,3,4,2,3,1,4,3,2,Data Scientist
4,4,1,4,1,3,3,2,4,2,2,4,2,4,1,4,3,2,Data Scientist
4,3,1,4,1,4,3,1,4,2,3,3,2,4,1,4,3,2,Data Scientist
4,3,1,4,1,4,2,2,3,2,3,4,2,3,1,4,4,2,Data Scientist
4,4,1,4,1,3,3,1,4,2,3,4,2,3,1,4,3,2,Data Scientist
4,3,1,4,1,4,2,1,4,2,3,4,2,4,1,4,4,2,Data Scientist
4,4,1,4,1,4,3,2,3,2,2,3,2,3,1,4,3,2,Data Scientist
4,4,1,4,1,3,3,1,3,2,3,3,2,3,1,4,3,2,Data Scientist
4,4,1,4,1,3,3,1,3,2,2,4,2,3,1,4,4,2,Data Scientist
4,3,1,4,1,3,2,2,3,2,3,3,2,4,1,4,3,2,Data Scientist
4,3,1,4,1,3,2,1,3,2,2,3,2,3,1,4,3,2,Data Scientist
4,4,1,4,1,3,3,2,4,2,2,3,2,3,1,4,3,2,Data Scientist
4,4,1,4,1,3,2,2,4,2,3,3,2,4,1,4,3,2,Data Scientist
4,3,1,4,1,4,2,1,4,2,2,3,2,4,1,4,4,2,Data Scientist
4,4,1,4,1,3,3,2,4,2,2,3,2,3,1,4,4,2,Data Scientist
4,3,1,4,1,3,2,1,3,2,3,4,2,3,1,4,3,2,Data Scientist
4,3,1,4,1,3,3,2,3,2,3,4,2,3,1,4,3,2,Data Scientist
4,4,1,4,1,4,3,2,4,2,3,3,2,4,1,4,3,2,Data Scientist
4,3,1,4,1,4,3,2,4,2,2,4,2,4,1,4,4,2,Data Scientist
4,3,1,4,1,4,2,1,4,2,2,3,2,3,1,4,4,2,Data Scientist
4,3,1,4,1,4,3,1,3,2,2,4,2,3,1,4,3,2,Data Scientist
4,3,1,4,1,4,2,2,4,2,2,4,2,4,1,4,4,2,Data Scientist
4,3,1,4,1,3,3,2,4,2,2,4,2,3,1,4,3,2,Data Scientist
4,3,1,4,1,4,3,1,4,2,2,4,2,3,1,4,4,2,Data Scientist
4,4,1,4,1,4,3,1,3,2,3,3,2,3,1,4,3,2,Data Scientist
4,3,1,4,1,4,2,1,4,2,2,3,2,4,1,4,4,2,Data Scientist
4,3,1,4,1,4,3,1,4,2,3,3,2,3,1,4,4,2,Data Scientist
4,4,1,4,1,3,2,1,3,2,3,4,2,4,1,4,4,2,Data Scientist
4,4,1,4,1,4,2,1,3,2,2,4,2,4,1,4,3,2,Data Scientist
4,4,1,4,1,4,3,2,4,2,3,3,2,4,1,4,4,2,Data Scientist
4,4,1,4,1,4,2,2,3,2,3,3,2,3,1,4,4,2,Data Scientist
2,1,4,2,4,2,3,4,2,4,3,2,4,2,4,2,3,4,Psychologist
2,2,4,2,4,2,4,4,2,4,4,2,4,2,4,2,2,3,Psychologist
2,2,4,2,4,2,3,4,2,4,4,2,4,2,4,2,2,4,Psychologist
2,2,4,2,4,2,4,4,2,4,3,2,4,2,4,2,2,4,Psychologist
2,1,4,2,4,2,3,4,2,4,4,2,4,2,4,2,2,3,Psychologist
2,1,4,2,4,2,3,4,2,4,3,2,4,2,4,2,2,4,Psychologist
2,1,4,2,4,2,3,4,2,4,4,2,4,2,4,2,3,3,Psychologist
2,1,4,2,4,2,3,4,2,4,4,2,4,2,4,2,2,3,Psychologist
2,1,4,2,4,2,3,4,2,4,3,2,4,2,4,2,3,4,Psychologist
2,2,4,2,4,2,4,4,2,4,3,2,4,2,4,2,3,4,Psychologist
2,1,4,2,4,2,3,4,2,4,4,2,4,2,4,2,3,4,Psychologist
2,2,4,2,4,2,3,4,2,4,3,2,4,2,4,2,3,4,Psychologist
2,1,4,2,4,2,4,4,2,4,4,2,4,2,4,2,2,3,Psychologist
2,2,4,2,4,2,3,4,2,4,3,2,4,2,4,2,2,3,Psychologist
2,2,4,2,4,2,3,4,2,4,4,2,4,2,4,2,2,4,Psychologist
2,2,4,2,4,2,3,4,2,4,4,2,4,2,4,2,2,4,Psychologist
2,2,4,2,4,2,3,4,2,4,3,2,4,2,4,2,2,3,Psychologist
2,1,4,2,4,2,3,4,2,4,3,2,4,2,4,2,3,3,Psychologist
2,1,4,2,4,2,3,4,2,4,3,2,4,2,4,2,3,3,Psychologist
2,1,4,2,4,2,4,4,2,4,4,2,4,2,4,2,3,3,Psychologist
2,2,4,2,4,2,3,4,2,4,4,2,4,2,4,2,3,4,Psychologist
2,2,4,2,4,2,4,4,2,4,4,2,4,2,4,2,2,4,Psychologist
2,1,4,2,4,2,4,4,2,4,3,2,4,2,4,2,2,3,Psychologist
2,1,4,2,4,2,4,4,2,4,3,2,4,2,4,2,3,4,Psychologist
2,1,4,2,4,2,4,4,2,4,3,2,4,2,4,2,2,4,Psychologist
2,2,4,2,4,2,3,4,2,4,3,2,4,2,4,2,3,4,Psychologist
2,1,4,2,4,2,3,4,2,4,3,2,4,2,4,2,3,3,Psychologist
2,2,4,2,4,2,4,4,2,4,3,2,4,2,4,2,3,4,Psychologist
2,2,4,2,4,2,4,4,2,4,4,2,4,2,4,2,3,4,Psychologist
2,1,4,2,4,2,4,4,2,4,4,2,4,2,4,2,2,3,Psychologist
2,1,4,2,4,2,4,4,2,4,4,2,4,2,4,2,2,3,Psychologist
2,2,4,2,4,2,3,4,2,4,3,2,4,2,4,2,2,3,Psychologist
2,2,4,2,4,2,3,4,2,4,3,2,4,2,4,2,3,3,Psychologist
2,2,4,2,4,2,4,4,2,4,4,2,4,2,4,2,2,4,Psychologist
2,2,4,2,4,2,3,4,2,4,3,2,4,2,4,2,3,3,Psychologist
2,2,4,2,4,2,4,4,2,4,3,2,4,2,4,2,2,3,Psychologist
2,1,4,2,4,2,3,4,2,4,3,2,4,2,4,2,3,3,Psychologist
2,2,4,2,4,2,4,4,2,4,4,2,4,2,4,2,3,4,Psychologist
2,1,4,2,4,2,3,4,2,4,4,2,4,2,4,2,3,3,Psychologist
2,1,4,2,4,2,4,4,2,4,3,2,4,2,4,2,3,3,Psychologist
2,1,4,2,4,2,3,4,2,4,4,2,4,2,4,2,3,3,Psychologist
2,1,4,2,4,2,3,4,2,4,3,2,4,2,4,2,3,4,Psychologist
2,1,4,2,4,2,3,4,2,4,4,2,4,2,4,2,3,4,Psychologist
2,1,4,2,4,2,3,4,2,4,3,2,4,2,4,2,2,3,Psychologist
2,2,4,2,4,2,3,4,2,4,4,2,4,2,4,2,2,3,Psychologist
2,1,4,2,4,2,4,4,2,4,3,2,4,2,4,2,2,3,Psychologist
2,2,4,2,4,2,3,4,2,4,3,2,4,2,4,2,2,3,Psychologist
2,1,4,2,4,2,4,4,2,4,3,2,4,2,4,2,3,3,Psychologist
2,1,4,2,4,2,3,4,2,4,4,2,4,2,4,2,2,4,Psychologist
2,1,4,2,4,2,4,4,2,4,3,2,4,2,4,2,2,4,Psychologist
2,1,4,2,4,2,3,4,2,4,3,2,4,2,4,2,3,4,Psychologist
2,1,4,2,4,2,4,4,2,4,3,2,4,2,4,2,3,4,Psychologist
2,2,4,2,4,2,3,4,2,4,4,2,4,2,4,2,2,4,Psychologist
2,1,4,2,4,2,4,4,2,4,4,2,4,2,4,2,3,4,Psychologist
2,2,4,2,4,2,3,4,2,4,4,2,4,2,4,2,3,3,Psychologist
2,2,4,2,4,2,3,4,2,4,3,2,4,2,4,2,2,4,Psychologist
2,1,4,2,4,2,4,4,2,4,3,2,4,2,4,2,3,4,Psychologist
2,1,4,2,4,2,3,4,2,4,3,2,4,2,4,2,2,3,Psychologist
2,2,4,2,4,2,3,4,2,4,4,2,4,2,4,2,3,3,Psychologist
2,1,4,2,4,2,3,4,2,4,4,2,4,2,4,2,2,4,Psychologist
2,1,4,2,4,2,4,4,2,4,3,2,4,2,4,2,3,3,Psychologist
2,1,4,2,4,2,4,4,2,4,4,2,4,2,4,2,2,4,Psychologist
2,2,4,2,4,2,3,4,2,4,3,2,4,2,4,2,2,3,Psychologist
2,2,4,2,4,2,3,4,2,4,3,2,4,2,4,2,2,3,Psychologist
2,2,4,2,4,2,3,4,2,4,4,2,4,2,4,2,2,3,Psychologist
2,1,4,2,4,2,3,4,2,4,3,2,4,2,4,2,2,4,Psychologist
2,2,4,2,4,2,4,4,2,4,4,2,4,2,4,2,2,4,Psychologist
2,1,4,2,4,2,3,4,2,4,3,2,4,2,4,2,2,3,Psychologist
2,2,4,2,4,2,4,4,2,4,3,2,4,2,4,2,3,4,Psychologist
2,2,4,2,4,2,3,4,2,4,4,2,4,2,4,2,3,3,Psychologist
2,1,4,2,4,2,4,4,2,4,3,2,4,2,4,2,2,3,Psychologist
2,2,4,2,4,2,3,4,2,4,4,2,4,2,4,2,2,4,Psychologist
2,2,4,2,4,2,3,4,2,4,3,2,4,2,4,2,3,3,Psychologist
2,1,4,2,4,2,4,4,2,4,4,2,4,2,4,2,2,3,Psychologist
2,1,4,2,4,2,3,4,2,4,4,2,4,2,4,2,2,4,Psychologist
2,2,4,2,4,2,4,4,2,4,4,2,4,2,4,2,2,4,Psychologist
2,1,4,2,4,2,3,4,2,4,4,2,4,2,4,2,2,4,Psychologist
2,1,4,2,4,2,3,4,2,4,4,2,4,2,4,2,3,4,Psychologist
2,1,4,2,4,2,4,4,2,4,4,2,4,2,4,2,3,4,Psychologist
2,2,4,2,4,2,4,4,2,4,3,2,4,2,4,2,2,4,Psychologist
2,2,4,2,4,2,4,4,2,4,3,2,4,2,4,2,2,4,Psychologist
2,1,4,2,4,2,3,4,2,4,4,2,4,2,4,2,2,4,Psychologist
2,1,4,2,4,2,3,4,2,4,3,2,4,2,4,2,3,3,Psychologist
2,1,4,2,4,2,4,4,2,4,4,2,4,2,4,2,3,3,Psychologist
2,2,4,2,4,2,3,4,2,4,4,2,4,2,4,2,2,3,Psychologist
2,1,4,2,4,2,4,4,2,4,4,2,4,2,4,2,3,3,Psychologist
2,1,4,2,4,2,4,4,2,4,4,2,4,2,4,2,2,3,Psychologist
2,1,4,2,4,2,4,4,2,4,4,2,4,2,4,2,3,3,Psychologist
2,2,4,2,4,2,4,4,2,4,3,2,4,2,4,2,3,3,Psychologist
2,2,4,2,4,2,4,4,2,4,4,2,4,2,4,2,3,4,Psychologist
2,2,4,2,4,2,3,4,2,4,4,2,4,2,4,2,2,3,Psychologist
2,2,4,2,4,2,3,4,2,4,3,2,4,2,4,2,2,4,Psychologist
2,1,4,2,4,2,4,4,2,4,3,2,4,2,4,2,2,3,Psychologist
2,2,4,2,4,2,4,4,2,4,4,2,4,2,4,2,2,3,Psychologist
2,1,4,2,4,2,4,4,2,4,4,2,4,2,4,2,2,3,Psychologist
2,1,4,2,4,2,4,4,2,4,3,2,4,2,4,2,2,3,Psychologist
2,2,4,2,4,2,4,4,2,4,3,2,4,2,4,2,3,4,Psychologist
2,1,4,2,4,2,4,4,2,4,3,2,4,2,4,2,2,4,Psychologist
2,1,4,2,4,2,4,4,2,4,4,2,4,2,4,2,3,3,Psychologist
2,2,4,2,4,2,4,4,2,4,4,2,4,2,4,2,3,3,Psychologist
3,2,1,4,1,4,3,1,4,2,3,4,1,4,1,3,2,1,Doctor
3,2,1,4,1,4,3,1,4,2,3,4,1,3,1,3,2,1,Doctor
3,2,1,4,1,4,3,1,4,2,3,4,1,4,1,4,2,1,Doctor
3,2,1,4,1,4,3,1,4,2,3,4,1,3,1,3,2,1,Doctor
3,2,1,4,1,4,3,1,4,2,3,4,1,4,1,4,2,1,Doctor
3,2,1,4,1,4,3,1,4,2,3,4,1,4,1,4,2,1,Doctor
3,2,1,4,1,4,3,1,4,2,3,4,1,3,1,4,2,1,Doctor
3,2,1,4,1,4,3,1,4,2,3,4,1,3,1,4,2,1,Doctor
3,2,1,4,1,4,3,1,4,2,3,4,1,3,1,4,2,1,Doctor
3,2,1,4,1,4,3,1,4,2,3,4,1,3,1,3,2,1,Doctor
3,2,1,4,1,4,3,1,4,2,3,4,1,3,1,3,2,1,Doctor
3,2,1,4,1,4,3,1,4,2,3,4,1,3,1,4,2,1,Doctor
3,2,1,4,1,4,3,1,4,2,3,4,1,3,1,3,2,1,Doctor
3,2,1,4,1,4,3,1,4,2,3,4,1,4,1,4,2,1,Doctor
3,2,1,4,1,4,3,1,4,2,3,4,1,3,1,3,2,1,Doctor
3,2,1,4,1,4,3,1,4,2,3,4,1,3,1,3,2,1,Doctor
3,2,1,4,1,4,3,1,4,2,3,4,1,3,1,4,2,1,Doctor
3,2,1,4,1,4,3,1,4,2,3,4,1,4,1,3,2,1,Doctor
3,2,1,4,1,4,3,1,4,2,3,4,1,3,1,4,2,1,Doctor
3,2,1,4,1,4,3,1,4,2,3,4,1,3,1,4,2,1,Doctor
3,2,1,4,1,4,3,1,4,2,3,4,1,4,1,3,2,1,Doctor
3,2,1,4,1,4,3,1,4,2,3,4,1,3,1,4,2,1,Doctor
3,2,1,4,1,4,3,1,4,2,3,4,1,3,1,3,2,1,Doctor
3,2,1,4,1,4,3,1,4,2,3,4,1,3,1,3,2,1,Doctor
3,2,1,4,1,4,3,1,4,2,3,4,1,3,1,4,2,1,Doctor
3,2,1,4,1,4,3,1,4,2,3,4,1,3,1,3,2,1,Doctor
3,2,1,4,1,4,3,1,4,2,3,4,1,4,1,4,2,1,Doctor
3,2,1,4,1,4,3,1,4,2,3,4,1,4,1,4,2,1,Doctor
3,2,1,4,1,4,3,1,4,2,3,4,1,3,1,3,2,1,Doctor
3,2,1,4,1,4,3,1,4,2,3,4,1,3,1,3,2,1,Doctor
3,2,1,4,1,4,3,1,4,2,3,4,1,4,1,3,2,1,Doctor
3,2,1,4,1,4,3,1,4,2,3,4,1,3,1,4,2,1,Doctor
3,2,1,4,1,4,3,1,4,2,3,4,1,4,1,4,2,1,Doctor
3,2,1,4,1,4,3,1,4,2,3,4,1,3,1,3,2,1,Doctor
3,2,1,4,1,4,3,1,4,2,3,4,1,4,1,3,2,1,Doctor
3,2,1,4,1,4,3,1,4,2,3,4,1,3,1,3,2,1,Doctor
3,2,1,4,1,4,3,1,4,2,3,4,1,3,1,4,2,1,Doctor
3,2,1,4,1,4,3,1,4,2,3,4,1,3,1,3,2,1,Doctor
3,2,1,4,1,4,3,1,4,2,3,4,1,3,1,4,2,1,Doctor
3,2,1,4,1,4,3,1,4,2,3,4,1,3,1,3,2,1,Doctor
3,2,1,4,1,4,3,1,4,2,3,4,1,4,1,3,2,1,Doctor
3,2,1,4,1,4,3,1,4,2,3,4,1,3,1,4,2,1,Doctor
3,2,1,4,1,4,3,1,4,2,3,4,1,3,1,3,2,1,Doctor
3,2,1,4,1,4,3,1,4,2,3,4,1,3,1,4,2,1,Doctor
3,2,1,4,1,4,3,1,4,2,3,4,1,4,1,3,2,1,Doctor
3,2,1,4,1,4,3,1,4,2,3,4,1,3,1,4,2,1,Doctor
3,2,1,4,1,4,3,1,4,2,3,4,1,4,1,3,2,1,Doctor
3,2,1,4,1,4,3,1,4,2,3,4,1,4,1,3,2,1,Doctor
3,2,1,4,1,4,3,1,4,2,3,4,1,3,1,3,2,1,Doctor
3,2,1,4,1,4,3,1,4,2,3,4,1,3,1,3,2,1,Doctor
3,2,1,4,1,4,3,1,4,2,3,4,1,4,1,3,2,1,Doctor
3,2,1,4,1,4,3,1,4,2,3,4,1,3,1,3,2,1,Doctor
3,2,1,4,1,4,3,1,4,2,3,4,1,4,1,3,2,1,Doctor
3,2,1,4,1,4,3,1,4,2,3,4,1,4,1,3,2,1,Doctor
3,2,1,4,1,4,3,1,4,2,3,4,1,4,1,4,2,1,Doctor
3,2,1,4,1,4,3,1,4,2,3,4,1,4,1,3,2,1,Doctor
3,2,1,4,1,4,3,1,4,2,3,4,1,3,1,4,2,1,Doctor
3,2,1,4,1,4,3,1,4,2,3,4,1,4,1,4,2,1,Doctor
3,2,1,4,1,4,3,1,4,2,3,4,1,3,1,4,2,1,Doctor
3,2,1,4,1,4,3,1,4,2,3,4,1,3,1,3,2,1,Doctor
3,2,1,4,1,4,3,1,4,2,3,4,1,4,1,3,2,1,Doctor
3,2,1,4,1,4,3,1,4,2,3,4,1,4,1,4,2,1,Doctor
3,2,1,4,1,4,3,1,4,2,3,4,1,3,1,3,2,1,Doctor
3,2,1,4,1,4,3,1,4,2,3,4,1,3,1,4,2,1,Doctor
3,2,1,4,1,4,3,1,4,2,3,4,1,3,1,4,2,1,Doctor
3,2,1,4,1,4,3,1,4,2,3,4,1,4,1,4,2,1,Doctor
3,2,1,4,1,4,3,1,4,2,3,4,1,3,1,3,2,1,Doctor
3,2,1,4,1,4,3,1,4,2,3,4,1,3,1,3,2,1,Doctor
3,2,1,4,1,4,3,1,4,2,3,4,1,3,1,4,2,1,Doctor
3,2,1,4,1,4,3,1,4,2,3,4,1,3,1,3,2,1,Doctor
3,2,1,4,1,4,3,1,4,2,3,4,1,3,1,3,2,1,Doctor
3,2,1,4,1,4,3,1,4,2,3,4,1,4,1,4,2,1,Doctor
3,2,1,4,1,4,3,1,4,2,3,4,1,4,1,3,2,1,Doctor
3,2,1,4,1,4,3,1,4,2,3,4,1,4,1,4,2,1,Doctor
3,2,1,4,1,4,3,1,4,2,3,4,1,4,1,4,2,1,Doctor
3,2,1,4,1,4,3,1,4,2,3,4,1,4,1,3,2,1,Doctor
3,2,1,4,1,4,3,1,4,2,3,4,1,3,1,3,2,1,Doctor
3,2,1,4,1,4,3,1,4,2,3,4,1,4,1,4,2,1,Doctor
3,2,1,4,1,4,3,1,4,2,3,4,1,3,1,3,2,1,Doctor
3,2,1,4,1,4,3,1,4,2,3,4,1,3,1,4,2,1,Doctor
3,2,1,4,1,4,3,1,4,2,3,4,1,3,1,4,2,1,Doctor
3,2,1,4,1,4,3,1,4,2,3,4,1,3,1,3,2,1,Doctor
3,2,1,4,1,4,3,1,4,2,3,4,1,4,1,3,2,1,Doctor
3,2,1,4,1,4,3,1,4,2,3,4,1,3,1,4,2,1,Doctor
3,2,1,4,1,4,3,1,4,2,3,4,1,4,1,4,2,1,Doctor
3,2,1,4,1,4,3,1,4,2,3,4,1,4,1,4,2,1,Doctor
3,2,1,4,1,4,3,1,4,2,3,4,1,4,1,3,2,1,Doctor
3,2,1,4,1,4,3,1,4,2,3,4,1,3,1,4,2,1,Doctor
3,2,1,4,1,4,3,1,4,2,3,4,1,3,1,4,2,1,Doctor
3,2,1,4,1,4,3,1,4,2,3,4,1,3,1,4,2,1,Doctor
3,2,1,4,1,4,3,1,4,2,3,4,1,3,1,4,2,1,Doctor
3,2,1,4,1,4,3,1,4,2,3,4,1,3,1,4,2,1,Doctor
3,2,1,4,1,4,3,1,4,2,3,4,1,3,1,4,2,1,Doctor
3,2,1,4,1,4,3,1,4,2,3,4,1,4,1,3,2,1,Doctor
3,2,1,4,1,4,3,1,4,2,3,4,1,4,1,4,2,1,Doctor
3,2,1,4,1,4,3,1,4,2,3,4,1,4,1,4,2,1,Doctor
3,2,1,4,1,4,3,1,4,2,3,4,1,4,1,3,2,1,Doctor
3,2,1,4,1,4,3,1,4,2,3,4,1,4,1,4,2,1,Doctor
3,2,1,4,1,4,3,1,4,2,3,4,1,3,1,3,2,1,Doctor
3,2,1,4,1,4,3,1,4,2,3,4,1,4,1,3,2,1,Doctor
4,3,2,4,2,4,2,2,3,2,3,4,2,3,2,3,4,2,Engineer
4,3,2,4,2,3,2,2,4,2,2,4,2,3,2,3,4,2,Engineer
4,3,2,4,2,4,2,2,3,2,3,4,2,3,2,3,4,2,Engineer
4,3,2,4,2,4,2,2,4,2,2,4,2,3,2,3,4,2,Engineer
4,3,2,4,2,4,2,2,3,2,3,4,2,3,2,3,4,2,Engineer
3,3,2,4,2,4,2,2,3,2,3,4,2,3,2,3,4,2,Engineer
3,3,2,4,2,3,2,2,4,2,2,4,2,3,2,3,4,2,Engineer
4,3,2,4,2,3,2,2,4,2,2,4,2,3,2,3,4,2,Engineer
4,3,2,4,2,3,2,2,4,2,3,4,2,3,2,3,4,2,Engineer
4,3,2,4,2,4,2,2,3,2,3,4,2,3,2,3,4,2,Engineer
4,3,2,4,2,3,2,2,3,2,2,4,2,3,2,3,4,2,Engineer
3,3,2,4,2,4,2,2,3,2,2,4,2,3,2,3,4,2,Engineer
3,3,2,4,2,3,2,2,3,2,3,4,2,3,2,3,4,2,Engineer
4,3,2,4,2,4,2,2,3,2,3,4,2,3,2,3,4,2,Engineer
4,3,2,4,2,3,2,2,3,2,3,4,2,3,2,3,4,2,Engineer
3,3,2,4,2,3,2,2,3,2,3,4,2,3,2,3,4,2,Engineer
3,3,2,4,2,4,2,2,3,2,2,4,2,3,2,3,4,2,Engineer
4,3,2,4,2,4,2,2,4,2,2,4,2,3,2,3,4,2,Engineer
3,3,2,4,2,3,2,2,4,2,2,4,2,3,2,3,4,2,Engineer
4,3,2,4,2,3,2,2,3,2,2,4,2,3,2,3,4,2,Engineer
3,3,2,4,2,4,2,2,4,2,2,4,2,3,2,3,4,2,Engineer
3,3,2,4,2,3,2,2,3,2,3,4,2,3,2,3,4,2,Engineer
3,3,2,4,2,3,2,2,4,2,2,4,2,3,2,3,4,2,Engineer
3,3,2,4,2,4,2,2,4,2,3,4,2,3,2,3,4,2,Engineer
4,3,2,4,2,4,2,2,4,2,3,4,2,3,2,3,4,2,Engineer
3,3,2,4,2,4,2,2,3,2,3,4,2,3,2,3,4,2,Engineer
3,3,2,4,2,3,2,2,3,2,2,4,2,3,2,3,4,2,Engineer
4,3,2,4,2,4,2,2,3,2,2,4,2,3,2,3,4,2,Engineer
4,3,2,4,2,3,2,2,3,2,2,4,2,3,2,3,4,2,Engineer
3,3,2,4,2,3,2,2,3,2,3,4,2,3,2,3,4,2,Engineer
3,3,2,4,2,4,2,2,4,2,3,4,2,3,2,3,4,2,Engineer
3,3,2,4,2,3,2,2,4,2,2,4,2,3,2,3,4,2,Engineer
4,3,2,4,2,4,2,2,3,2,2,4,2,3,2,3,4,2,Engineer
4,3,2,4,2,4,2,2,3,2,3,4,2,3,2,3,4,2,Engineer
3,3,2,4,2,3,2,2,3,2,2,4,2,3,2,3,4,2,Engineer
3,3,2,4,2,3,2,2,4,2,2,4,2,3,2,3,4,2,Engineer
3,3,2,4,2,3,2,2,3,2,2,4,2,3,2,3,4,2,Engineer
4,3,2,4,2,3,2,2,4,2,2,4,2,3,2,3,4,2,Engineer
3,3,2,4,2,4,2,2,3,2,3,4,2,3,2,3,4,2,Engineer
3,3,2,4,2,3,2,2,4,2,2,4,2,3,2,3,4,2,Engineer
4,3,2,4,2,3,2,2,4,2,2,4,2,3,2,3,4,2,Engineer
3,3,2,4,2,4,2,2,4,2,3,4,2,3,2,3,4,2,Engineer
4,3,2,4,2,4,2,2,4,2,3,4,2,3,2,3,4,2,Engineer
3,3,2,4,2,4,2,2,4,2,2,4,2,3,2,3,4,2,Engineer
3,3,2,4,2,3,2,2,4,2,2,4,2,3,2,3,4,2,Engineer
4,3,2,4,2,4,2,2,4,2,3,4,2,3,2,3,4,2,Engineer
4,3,2,4,2,3,2,2,3,2,3,4,2,3,2,3,4,2,Engineer
3,3,2,4,2,3,2,2,3,2,3,4,2,3,2,3,4,2,Engineer
4,3,2,4,2,4,2,2,4,2,3,4,2,3,2,3,4,2,Engineer
4,3,2,4,2,4,2,2,4,2,2,4,2,3,2,3,4,2,Engineer
3,3,2,4,2,3,2,2,4,2,2,4,2,3,2,3,4,2,Engineer
3,3,2,4,2,3,2,2,3,2,3,4,2,3,2,3,4,2,Engineer
4,3,2,4,2,4,2,2,4,2,2,4,2,3,2,3,4,2,Engineer
3,3,2,4,2,3,2,2,3,2,3,4,2,3,2,3,4,2,Engineer
3,3,2,4,2,3,2,2,3,2,2,4,2,3,2,3,4,2,Engineer
4,3,2,4,2,4,2,2,4,2,3,4,2,3,2,3,4,2,Engineer
3,3,2,4,2,3,2,2,3,2,2,4,2,3,2,3,4,2,Engineer
3,3,2,4,2,3,2,2,3,2,2,4,2,3,2,3,4,2,Engineer
3,3,2,4,2,3,2,2,4,2,2,4,2,3,2,3,4,2,Engineer
3,3,2,4,2,3,2,2,3,2,2,4,2,3,2,3,4,2,Engineer
4,3,2,4,2,3,2,2,3,2,3,4,2,3,2,3,4,2,Engineer
4,3,2,4,2,3,2,2,4,2,3,4,2,3,2,3,4,2,Engineer
3,3,2,4,2,4,2,2,3,2,2,4,2,3,2,3,4,2,Engineer
3,3,2,4,2,3,2,2,4,2,3,4,2,3,2,3,4,2,Engineer
3,3,2,4,2,3,2,2,3,2,2,4,2,3,2,3,4,2,Engineer
4,3,2,4,2,3,2,2,3,2,2,4,2,3,2,3,4,2,Engineer
4,3,2,4,2,4,2,2,4,2,3,4,2,3,2,3,4,2,Engineer
4,3,2,4,2,3,2,2,3,2,3,4,2,3,2,3,4,2,Engineer
3,3,2,4,2,4,2,2,4,2,2,4,2,3,2,3,4,2,Engineer
3,3,2,4,2,4,2,2,3,2,2,4,2,3,2,3,4,2,Engineer
4,3,2,4,2,4,2,2,4,2,3,4,2,3,2,3,4,2,Engineer
3,3,2,4,2,3,2,2,3,2,3,4,2,3,2,3,4,2,Engineer
4,3,2,4,2,4,2,2,4,2,2,4,2,3,2,3,4,2,Engineer
3,3,2,4,2,3,2,2,4,2,2,4,2,3,2,3,4,2,Engineer
4,3,2,4,2,3,2,2,3,2,2,4,2,3,2,3,4,2,Engineer
4,3,2,4,2,4,2,2,4,2,3,4,2,3,2,3,4,2,Engineer
3,3,2,4,2,4,2,2,4,2,2,4,2,3,2,3,4,2,Engineer
3,3,2,4,2,4,2,2,4,2,3,4,2,3,2,3,4,2,Engineer
3,3,2,4,2,3,2,2,3,2,2,4,2,3,2,3,4,2,Engineer
3,3,2,4,2,3,2,2,3,2,2,4,2,3,2,3,4,2,Engineer
3,3,2,4,2,3,2,2,3,2,3,4,2,3,2,3,4,2,Engineer
4,3,2,4,2,3,2,2,3,2,2,4,2,3,2,3,4,2,Engineer
3,3,2,4,2,3,2,2,4,2,3,4,2,3,2,3,4,2,Engineer
3,3,2,4,2,3,2,2,3,2,3,4,2,3,2,3,4,2,Engineer
4,3,2,4,2,4,2,2,4,2,2,4,2,3,2,3,4,2,Engineer
3,3,2,4,2,4,2,2,4,2,2,4,2,3,2,3,4,2,Engineer
4,3,2,4,2,3,2,2,3,2,3,4,2,3,2,3,4,2,Engineer
4,3,2,4,2,4,2,2,3,2,2,4,2,3,2,3,4,2,Engineer
3,3,2,4,2,3,2,2,4,2,3,4,2,3,2,3,4,2,Engineer
4,3,2,4,2,3,2,2,3,2,3,4,2,3,2,3,4,2,Engineer
3,3,2,4,2,4,2,2,3,2,3,4,2,3,2,3,4,2,Engineer
3,3,2,4,2,3,2,2,3,2,3,4,2,3,2,3,4,2,Engineer
4,3,2,4,2,3,2,2,4,2,2,4,2,3,2,3,4,2,Engineer
3,3,2,4,2,3,2,2,4,2,3,4,2,3,2,3,4,2,Engineer
4,3,2,4,2,3,2,2,4,2,3,4,2,3,2,3,4,2,Engineer
4,3,2,4,2,3,2,2,3,2,2,4,2,3,2,3,4,2,Engineer
3,3,2,4,2,3,2,2,4,2,2,4,2,3,2,3,4,2,Engineer
3,3,2,4,2,4,2,2,4,2,2,4,2,3,2,3,4,2,Engineer
4,3,2,4,2,4,2,2,3,2,2,4,2,3,2,3,4,2,Engineer
3,3,2,4,2,3,2,2,3,2,2,4,2,3,2,3,4,2,Engineer
2,2,3,2,4,2,3,4,2,3,3,2,3,3,4,2,2,4,Writer
2,2,3,1,4,2,4,4,2,3,3,2,3,3,4,2,2,3,Writer
2,2,4,2,4,2,3,4,2,3,3,2,3,3,4,2,2,4,Writer
2,2,3,2,4,2,4,4,2,3,4,2,3,3,4,2,2,4,Writer
2,2,3,2,4,2,4,4,2,3,3,2,3,3,4,2,2,4,Writer
1,2,3,2,4,2,4,4,2,3,3,2,3,3,4,2,2,3,Writer
1,2,3,1,4,2,3,4,2,3,4,2,3,3,4,2,2,4,Writer
1,2,4,1,4,2,4,4,2,3,3,2,3,3,4,2,2,3,Writer
2,2,3,2,4,2,4,4,2,3,4,2,3,3,4,2,2,4,Writer
1,2,3,1,4,2,4,4,2,3,4,2,3,3,4,2,2,3,Writer
2,2,3,2,4,2,4,4,2,3,4,2,3,3,4,2,2,4,Writer
2,2,3,2,4,2,4,4,2,3,3,2,3,3,4,2,2,3,Writer
1,2,3,2,4,2,3,4,2,3,4,2,3,3,4,2,2,3,Writer
1,2,4,1,4,2,3,4,2,3,4,2,3,3,4,2,2,4,Writer
2,2,3,1,4,2,4,4,2,3,3,2,3,3,4,2,2,4,Writer
1,2,3,2,4,2,3,4,2,3,3,2,3,3,4,2,2,3,Writer
1,2,3,1,4,2,4,4,2,3,3,2,3,3,4,2,2,3,Writer
2,2,3,2,4,2,3,4,2,3,3,2,3,3,4,2,2,3,Writer
1,2,3,2,4,2,4,4,2,3,4,2,3,3,4,2,2,3,Writer
2,2,3,1,4,2,4,4,2,3,3,2,3,3,4,2,2,4,Writer
1,2,3,1,4,2,3,4,2,3,4,2,3,3,4,2,2,4,Writer
2,2,3,2,4,2,3,4,2,3,4,2,3,3,4,2,2,4,Writer
1,2,3,2,4,2,3,4,2,3,3,2,3,3,4,2,2,3,Writer
1,2,4,2,4,2,3,4,2,3,3,2,3,3,4,2,2,3,Writer
1,2,3,2,4,2,4,4,2,3,3,2,3,3,4,2,2,3,Writer
2,2,3,1,4,2,4,4,2,3,3,2,3,3,4,2,2,3,Writer
1,2,3,2,4,2,4,4,2,3,4,2,3,3,4,2,2,4,Writer
1,2,4,1,4,2,4,4,2,3,4,2,3,3,4,2,2,4,Writer
1,2,4,2,4,2,4,4,2,3,4,2,3,3,4,2,2,4,Writer
1,2,3,1,4,2,3,4,2,3,4,2,3,3,4,2,2,4,Writer
1,2,3,2,4,2,3,4,2,3,3,2,3,3,4,2,2,3,Writer
1,2,4,1,4,2,4,4,2,3,4,2,3,3,4,2,2,4,Writer
1,2,3,1,4,2,4,4,2,3,3,2,3,3,4,2,2,3,Writer
1,2,4,1,4,2,3,4,2,3,4,2,3,3,4,2,2,4,Writer
1,2,3,1,4,2,4,4,2,3,4,2,3,3,4,2,2,4,Writer
1,2,4,1,4,2,4,4,2,3,3,2,3,3,4,2,2,3,Writer
1,2,3,1,4,2,3,4,2,3,4,2,3,3,4,2,2,4,Writer
1,2,4,2,4,2,4,4,2,3,4,2,3,3,4,2,2,3,Writer
2,2,3,1,4,2,3,4,2,3,3,2,3,3,4,2,2,4,Writer
2,2,3,2,4,2,3,4,2,3,3,2,3,3,4,2,2,3,Writer
1,2,4,2,4,2,3,4,2,3,4,2,3,3,4,2,2,4,Writer
2,2,4,1,4,2,4,4,2,3,4,2,3,3,4,2,2,4,Writer
1,2,3,1,4,2,3,4,2,3,3,2,3,3,4,2,2,3,Writer
2,2,4,2,4,2,4,4,2,3,3,2,3,3,4,2,2,3,Writer
2,2,4,1,4,2,4,4,2,3,4,2,3,3,4,2,2,4,Writer
1,2,3,2,4,2,4,4,2,3,4,2,3,3,4,2,2,3,Writer
2,2,3,2,4,2,4,4,2,3,3,2,3,3,4,2,2,4,Writer
2,2,3,2,4,2,4,4,2,3,4,2,3,3,4,2,2,3,Writer
2,2,4,1,4,2,4,4,2,3,3,2,3,3,4,2,2,4,Writer
1,2,4,1,4,2,4,4,2,3,3,2,3,3,4,2,2,4,Writer
2,2,3,2,4,2,3,4,2,3,3,2,3,3,4,2,2,3,Writer
2,2,3,2,4,2,4,4,2,3,4,2,3,3,4,2,2,3,Writer
1,2,3,2,4,2,3,4,2,3,3,2,3,3,4,2,2,4,Writer
2,2,3,1,4,2,3,4,2,3,4,2,3,3,4,2,2,4,Writer
1,2,3,2,4,2,3,4,2,3,3,2,3,3,4,2,2,4,Writer
1,2,4,2,4,2,3,4,2,3,4,2,3,3,4,2,2,3,Writer
2,2,4,1,4,2,4,4,2,3,3,2,3,3,4,2,2,4,Writer
1,2,4,1,4,2,3,4,2,3,4,2,3,3,4,2,2,4,Writer
2,2,3,2,4,2,4,4,2,3,3,2,3,3,4,2,2,3,Writer
1,2,4,1,4,2,3,4,2,3,3,2,3,3,4,2,2,3,Writer
2,2,3,2,4,2,4,4,2,3,4,2,3,3,4,2,2,4,Writer
1,2,3,1,4,2,3,4,2,3,3,2,3,3,4,2,2,3,Writer
1,2,4,2,4,2,3,4,2,3,3,2,3,3,4,2,2,4,Writer
1,2,3,2,4,2,4,4,2,3,3,2,3,3,4,2,2,4,Writer
1,2,4,1,4,2,4,4,2,3,3,2,3,3,4,2,2,3,Writer
2,2,4,1,4,2,4,4,2,3,3,2,3,3,4,2,2,3,Writer
2,2,4,1,4,2,4,4,2,3,3,2,3,3,4,2,2,4,Writer
1,2,3,1,4,2,3,4,2,3,4,2,3,3,4,2,2,3,Writer
1,2,3,1,4,2,3,4,2,3,4,2,3,3,4,2,2,4,Writer
2,2,4,2,4,2,3,4,2,3,4,2,3,3,4,2,2,3,Writer
1,2,4,2,4,2,3,4,2,3,3,2,3,3,4,2,2,4,Writer
2,2,4,1,4,2,4,4,2,3,4,2,3,3,4,2,2,3,Writer
2,2,4,2,4,2,4,4,2,3,4,2,3,3,4,2,2,3,Writer
2,2,3,1,4,2,3,4,2,3,4,2,3,3,4,2,2,3,Writer
1,2,4,2,4,2,4,4,2,3,3,2,3,3,4,2,2,4,Writer
1,2,3,2,4,2,4,4,2,3,4,2,3,3,4,2,2,3,Writer
1,2,4,1,4,2,4,4,2,3,3,2,3,3,4,2,2,3,Writer
1,2,3,1,4,2,4,4,2,3,4,2,3,3,4,2,2,4,Writer
1,2,3,2,4,2,4,4,2,3,3,2,3,3,4,2,2,3,Writer
2,2,4,1,4,2,3,4,2,3,4,2,3,3,4,2,2,3,Writer
2,2,3,2,4,2,4,4,2,3,4,2,3,3,4,2,2,3,Writer
1,2,3,2,4,2,4,4,2,3,4,2,3,3,4,2,2,4,Writer
1,2,4,2,4,2,4,4,2,3,3,2,3,3,4,2,2,4,Writer
2,2,3,1,4,2,3,4,2,3,4,2,3,3,4,2,2,4,Writer
2,2,3,2,4,2,4,4,2,3,4,2,3,3,4,2,2,3,Writer
2,2,4,2,4,2,3,4,2,3,4,2,3,3,4,2,2,4,Writer
1,2,3,1,4,2,3,4,2,3,4,2,3,3,4,2,2,4,Writer
2,2,4,1,4,2,3,4,2,3,3,2,3,3,4,2,2,4,Writer
2,2,4,2,4,2,3,4,2,3,4,2,3,3,4,2,2,4,Writer
2,2,4,1,4,2,3,4,2,3,3,2,3,3,4,2,2,3,Writer
1,2,3,1,4,2,3,4,2,3,4,2,3,3,4,2,2,4,Writer
2,2,3,1,4,2,3,4,2,3,3,2,3,3,4,2,2,4,Writer
2,2,4,1,4,2,3,4,2,3,3,2,3,3,4,2,2,3,Writer
1,2,4,1,4,2,4,4,2,3,4,2,3,3,4,2,2,3,Writer
2,2,3,2,4,2,3,4,2,3,4,2,3,3,4,2,2,4,Writer
2,2,4,2,4,2,4,4,2,3,4,2,3,3,4,2,2,4,Writer
1,2,4,1,4,2,4,4,2,3,3,2,3,3,4,2,2,3,Writer
2,2,4,1,4,2,3,4,2,3,4,2,3,3,4,2,2,4,Writer
1,2,4,2,4,2,3,4,2,3,3,2,3,3,4,2,2,4,Writer
2,2,3,2,4,2,3,4,2,3,3,2,3,3,4,2,2,4,Writer
4,4,1,4,1,3,2,1,4,2,2,4,1,4,2,4,4,2,Scientist
4,4,2,4,1,3,2,1,4,2,2,4,1,4,2,4,4,2,Scientist
4,4,1,4,1,3,2,1,4,2,2,4,1,4,2,4,4,2,Scientist
4,4,2,4,1,3,2,1,4,2,2,4,1,4,2,4,3,2,Scientist
4,4,1,4,1,3,2,1,4,2,2,4,1,4,2,4,3,2,Scientist
4,4,1,4,1,3,2,1,4,2,2,4,1,4,2,4,3,2,Scientist
4,4,1,4,1,3,2,1,4,2,2,4,1,4,2,4,3,2,Scientist
4,4,1,4,1,3,2,1,4,2,2,4,1,4,2,4,4,2,Scientist
4,4,2,4,1,3,2,1,4,2,2,4,1,4,2,4,3,2,Scientist
4,4,1,4,1,3,2,1,4,2,2,4,1,4,2,4,3,2,Scientist
4,4,2,4,1,3,2,1,4,2,2,4,1,4,2,4,3,2,Scientist
4,4,2,4,1,3,2,1,4,2,2,4,1,4,2,4,3,2,Scientist
4,4,1,4,1,3,2,1,4,2,2,4,1,4,2,4,3,2,Scientist
4,4,1,4,1,3,2,1,4,2,2,4,1,4,2,4,4,2,Scientist
4,4,1,4,1,3,2,1,4,2,2,4,1,4,2,4,3,2,Scientist
4,4,2,4,1,3,2,1,4,2,2,4,1,4,2,4,3,2,Scientist
4,4,2,4,1,3,2,1,4,2,2,4,1,4,2,4,4,2,Scientist
4,4,1,4,1,3,2,1,4,2,2,4,1,4,2,4,3,2,Scientist
4,4,2,4,1,3,2,1,4,2,2,4,1,4,2,4,4,2,Scientist
4,4,2,4,1,3,2,1,4,2,2,4,1,4,2,4,3,2,Scientist
4,4,2,4,1,3,2,1,4,2,2,4,1,4,2,4,4,2,Scientist
4,4,2,4,1,3,2,1,4,2,2,4,1,4,2,4,4,2,Scientist
4,4,2,4,1,3,2,1,4,2,2,4,1,4,2,4,3,2,Scientist
4,4,2,4,1,3,2,1,4,2,2,4,1,4,2,4,4,2,Scientist
4,4,2,4,1,3,2,1,4,2,2,4,1,4,2,4,4,2,Scientist
4,4,1,4,1,3,2,1,4,2,2,4,1,4,2,4,3,2,Scientist
4,4,2,4,1,3,2,1,4,2,2,4,1,4,2,4,4,2,Scientist
4,4,1,4,1,3,2,1,4,2,2,4,1,4,2,4,3,2,Scientist
4,4,2,4,1,3,2,1,4,2,2,4,1,4,2,4,4,2,Scientist
4,4,1,4,1,3,2,1,4,2,2,4,1,4,2,4,3,2,Scientist
4,4,2,4,1,3,2,1,4,2,2,4,1,4,2,4,4,2,Scientist
4,4,1,4,1,3,2,1,4,2,2,4,1,4,2,4,4,2,Scientist
4,4,2,4,1,3,2,1,4,2,2,4,1,4,2,4,4,2,Scientist
4,4,1,4,1,3,2,1,4,2,2,4,1,4,2,4,3,2,Scientist
4,4,1,4,1,3,2,1,4,2,2,4,1,4,2,4,4,2,Scientist
4,4,1,4,1,3,2,1,4,2,2,4,1,4,2,4,4,2,Scientist
4,4,2,4,1,3,2,1,4,2,2,4,1,4,2,4,4,2,Scientist
4,4,2,4,1,3,2,1,4,2,2,4,1,4,2,4,4,2,Scientist
4,4,1,4,1,3,2,1,4,2,2,4,1,4,2,4,4,2,Scientist
4,4,2,4,1,3,2,1,4,2,2,4,1,4,2,4,4,2,Scientist
4,4,2,4,1,3,2,1,4,2,2,4,1,4,2,4,3,2,Scientist
4,4,1,4,1,3,2,1,4,2,2,4,1,4,2,4,3,2,Scientist
4,4,2,4,1,3,2,1,4,2,2,4,1,4,2,4,4,2,Scientist
4,4,2,4,1,3,2,1,4,2,2,4,1,4,2,4,4,2,Scientist
4,4,1,4,1,3,2,1,4,2,2,4,1,4,2,4,4,2,Scientist
4,4,2,4,1,3,2,1,4,2,2,4,1,4,2,4,3,2,Scientist
4,4,2,4,1,3,2,1,4,2,2,4,1,4,2,4,4,2,Scientist
4,4,1,4,1,3,2,1,4,2,2,4,1,4,2,4,3,2,Scientist
4,4,1,4,1,3,2,1,4,2,2,4,1,4,2,4,3,2,Scientist
4,4,1,4,1,3,2,1,4,2,2,4,1,4,2,4,3,2,Scientist
4,4,2,4,1,3,2,1,4,2,2,4,1,4,2,4,4,2,Scientist
4,4,1,4,1,3,2,1,4,2,2,4,1,4,2,4,4,2,Scientist
4,4,2,4,1,3,2,1,4,2,2,4,1,4,2,4,3,2,Scientist
4,4,2,4,1,3,2,1,4,2,2,4,1,4,2,4,4,2,Scientist
4,4,2,4,1,3,2,1,4,2,2,4,1,4,2,4,3,2,Scientist
4,4,2,4,1,3,2,1,4,2,2,4,1,4,2,4,4,2,Scientist
4,4,2,4,1,3,2,1,4,2,2,4,1,4,2,4,3,2,Scientist
4,4,1,4,1,3,2,1,4,2,2,4,1,4,2,4,3,2,Scientist
4,4,2,4,1,3,2,1,4,2,2,4,1,4,2,4,4,2,Scientist
4,4,1,4,1,3,2,1,4,2,2,4,1,4,2,4,3,2,Scientist
4,4,1,4,1,3,2,1,4,2,2,4,1,4,2,4,3,2,Scientist
4,4,2,4,1,3,2,1,4,2,2,4,1,4,2,4,4,2,Scientist
4,4,1,4,1,3,2,1,4,2,2,4,1,4,2,4,3,2,Scientist
4,4,2,4,1,3,2,1,4,2,2,4,1,4,2,4,3,2,Scientist
4,4,1,4,1,3,2,1,4,2,2,4,1,4,2,4,4,2,Scientist
4,4,1,4,1,3,2,1,4,2,2,4,1,4,2,4,3,2,Scientist
4,4,1,4,1,3,2,1,4,2,2,4,1,4,2,4,3,2,Scientist
4,4,1,4,1,3,2,1,4,2,2,4,1,4,2,4,4,2,Scientist
4,4,2,4,1,3,2,1,4,2,2,4,1,4,2,4,4,2,Scientist
4,4,2,4,1,3,2,1,4,2,2,4,1,4,2,4,3,2,Scientist
4,4,1,4,1,3,2,1,4,2,2,4,1,4,2,4,4,2,Scientist
4,4,2,4,1,3,2,1,4,2,2,4,1,4,2,4,3,2,Scientist
4,4,1,4,1,3,2,1,4,2,2,4,1,4,2,4,4,2,Scientist
4,4,2,4,1,3,2,1,4,2,2,4,1,4,2,4,4,2,Scientist
4,4,1,4,1,3,2,1,4,2,2,4,1,4,2,4,4,2,Scientist
4,4,2,4,1,3,2,1,4,2,2,4,1,4,2,4,4,2,Scientist
4,4,1,4,1,3,2,1,4,2,2,4,1,4,2,4,4,2,Scientist
4,4,1,4,1,3,2,1,4,2,2,4,1,4,2,4,4,2,Scientist
4,4,1,4,1,3,2,1,4,2,2,4,1,4,2,4,3,2,Scientist
4,4,2,4,1,3,2,1,4,2,2,4,1,4,2,4,3,2,Scientist
4,4,1,4,1,3,2,1,4,2,2,4,1,4,2,4,4,2,Scientist
4,4,2,4,1,3,2,1,4,2,2,4,1,4,2,4,3,2,Scientist
4,4,1,4,1,3,2,1,4,2,2,4,1,4,2,4,4,2,Scientist
4,4,1,4,1,3,2,1,4,2,2,4,1,4,2,4,4,2,Scientist
4,4,2,4,1,3,2,1,4,2,2,4,1,4,2,4,4,2,Scientist
4,4,1,4,1,3,2,1,4,2,2,4,1,4,2,4,3,2,Scientist
4,4,1,4,1,3,2,1,4,2,2,4,1,4,2,4,3,2,Scientist
4,4,1,4,1,3,2,1,4,2,2,4,1,4,2,4,3,2,Scientist
4,4,1,4,1,3,2,1,4,2,2,4,1,4,2,4,3,2,Scientist
4,4,2,4,1,3,2,1,4,2,2,4,1,4,2,4,3,2,Scientist
4,4,2,4,1,3,2,1,4,2,2,4,1,4,2,4,4,2,Scientist
4,4,2,4,1,3,2,1,4,2,2,4,1,4,2,4,3,2,Scientist
4,4,2,4,1,3,2,1,4,2,2,4,1,4,2,4,4,2,Scientist
4,4,1,4,1,3,2,1,4,2,2,4,1,4,2,4,3,2,Scientist
4,4,2,4,1,3,2,1,4,2,2,4,1,4,2,4,3,2,Scientist
4,4,1,4,1,3,2,1,4,2,2,4,1,4,2,4,4,2,Scientist
4,4,1,4,1,3,2,1,4,2,2,4,1,4,2,4,3,2,Scientist
4,4,1,4,1,3,2,1,4,2,2,4,1,4,2,4,4,2,Scientist
4,4,2,4,1,3,2,1,4,2,2,4,1,4,2,4,4,2,Scientist
4,4,2,4,1,3,2,1,4,2,2,4,1,4,2,4,4,2,Scientist
2,1,4,2,4,3,4,2,2,4,4,3,2,3,4,4,3,4,Graphic Designer
2,1,4,2,4,3,3,2,2,4,4,3,2,3,3,4,3,3,Graphic Designer
1,1,4,2,4,3,3,2,2,4,3,3,2,3,4,3,3,4,Graphic Designer
2,1,4,2,4,4,3,2,2,4,4,3,2,3,3,3,3,4,Graphic Designer
1,2,4,2,4,4,3,2,2,4,4,3,2,3,4,3,3,3,Graphic Designer
1,2,4,2,4,3,3,2,2,4,4,3,2,3,3,4,3,3,Graphic Designer
2,2,4,2,4,4,3,2,2,4,3,3,2,3,4,3,3,4,Graphic Designer
1,1,4,2,4,3,3,2,2,4,3,3,2,3,4,3,3,4,Graphic Designer
1,1,4,2,4,3,4,2,2,4,3,3,2,3,3,3,3,4,Graphic Designer
2,1,4,2,4,3,4,2,2,4,4,3,2,3,4,4,3,4,Graphic Designer
1,1,4,2,4,4,3,2,2,4,4,3,2,3,3,4,3,3,Graphic Designer
1,2,4,2,4,3,3,2,2,4,3,3,2,3,4,3,3,4,Graphic Designer
1,2,4,2,4,4,3,2,2,4,4,3,2,3,3,4,3,4,Graphic Designer
2,1,4,2,4,3,3,2,2,4,4,3,2,3,4,3,3,4,Graphic Designer
1,2,4,2,4,4,4,2,2,4,3,3,2,3,4,3,3,3,Graphic Designer
1,2,4,2,4,3,4,2,2,4,3,3,2,3,4,4,3,4,Graphic Designer
1,1,4,2,4,3,4,2,2,4,3,3,2,3,4,4,3,4,Graphic Designer
2,1,4,2,4,4,3,2,2,4,3,3,2,3,4,4,3,3,Graphic Designer
1,1,4,2,4,4,4,2,2,4,4,3,2,3,3,3,3,4,Graphic Designer
1,2,4,2,4,3,3,2,2,4,3,3,2,3,4,3,3,4,Graphic Designer
1,1,4,2,4,3,4,2,2,4,4,3,2,3,4,3,3,4,Graphic Designer
2,2,4,2,4,3,3,2,2,4,4,3,2,3,4,4,3,4,Graphic Designer
2,2,4,2,4,4,3,2,2,4,3,3,2,3,3,4,3,4,Graphic Designer
1,2,4,2,4,4,4,2,2,4,3,3,2,3,4,4,3,4,Graphic Designer
1,2,4,2,4,4,4,2,2,4,4,3,2,3,3,4,3,3,Graphic Designer
2,1,4,2,4,3,4,2,2,4,3,3,2,3,4,3,3,4,Graphic Designer
1,2,4,2,4,3,3,2,2,4,4,3,2,3,3,3,3,3,Graphic Designer
2,1,4,2,4,4,4,2,2,4,3,3,2,3,3,4,3,4,Graphic Designer
2,2,4,2,4,4,3,2,2,4,3,3,2,3,3,3,3,4,Graphic Designer
2,1,4,2,4,3,4,2,2,4,4,3,2,3,4,3,3,4,Graphic Designer
1,2,4,2,4,3,3,2,2,4,3,3,2,3,4,3,3,4,Graphic Designer
2,1,4,2,4,4,3,2,2,4,4,3,2,3,4,4,3,3,Graphic Designer
2,2,4,2,4,4,3,2,2,4,3,3,2,3,4,4,3,4,Graphic Designer
1,2,4,2,4,4,3,2,2,4,3,3,2,3,4,4,3,4,Graphic Designer
2,1,4,2,4,4,4,2,2,4,3,3,2,3,4,3,3,4,Graphic Designer
1,2,4,2,4,4,4,2,2,4,4,3,2,3,4,4,3,3,Graphic Designer
2,1,4,2,4,3,4,2,2,4,3,3,2,3,3,3,3,4,Graphic Designer
2,1,4,2,4,3,4,2,2,4,4,3,2,3,4,3,3,3,Graphic Designer
2,2,4,2,4,3,4,2,2,4,3,3,2,3,3,4,3,3,Graphic Designer
2,1,4,2,4,3,3,2,2,4,3,3,2,3,3,4,3,4,Graphic Designer
1,1,4,2,4,4,3,2,2,4,3,3,2,3,3,4,3,3,Graphic Designer
2,2,4,2,4,4,3,2,2,4,4,3,2,3,4,4,3,4,Graphic Designer
2,1,4,2,4,3,3,2,2,4,4,3,2,3,4,4,3,3,Graphic Designer
1,1,4,2,4,3,3,2,2,4,3,3,2,3,4,3,3,4,Graphic Designer
2,2,4,2,4,3,3,2,2,4,3,3,2,3,3,3,3,4,Graphic Designer
2,2,4,2,4,4,3,2,2,4,3,3,2,3,4,3,3,4,Graphic Designer
2,2,4,2,4,4,4,2,2,4,4,3,2,3,4,3,3,3,Graphic Designer
1,2,4,2,4,3,4,2,2,4,4,3,2,3,3,4,3,4,Graphic Designer
2,2,4,2,4,4,4,2,2,4,3,3,2,3,4,4,3,3,Graphic Designer
2,2,4,2,4,4,4,2,2,4,3,3,2,3,3,4,3,4,Graphic Designer
2,2,4,2,4,4,3,2,2,4,4,3,2,3,3,3,3,4,Graphic Designer
1,2,4,2,4,3,3,2,2,4,3,3,2,3,4,4,3,3,Graphic Designer
2,1,4,2,4,3,3,2,2,4,4,3,2,3,4,3,3,3,Graphic Designer
2,1,4,2,4,3,3,2,2,4,3,3,2,3,3,3,3,3,Graphic Designer
2,2,4,2,4,4,4,2,2,4,4,3,2,3,3,3,3,4,Graphic Designer
1,1,4,2,4,4,4,2,2,4,3,3,2,3,4,3,3,3,Graphic Designer
2,1,4,2,4,4,3,2,2,4,4,3,2,3,4,4,3,4,Graphic Designer
1,1,4,2,4,3,4,2,2,4,3,3,2,3,4,3,3,3,Graphic Designer
2,1,4,2,4,3,4,2,2,4,4,3,2,3,3,4,3,3,Graphic Designer
2,1,4,2,4,3,3,2,2,4,4,3,2,3,4,4,3,4,Graphic Designer
1,2,4,2,4,3,3,2,2,4,4,3,2,3,3,3,3,3,Graphic Designer
2,2,4,2,4,4,4,2,2,4,3,3,2,3,4,3,3,4,Graphic Designer
1,1,4,2,4,3,4,2,2,4,3,3,2,3,3,4,3,4,Graphic Designer
1,2,4,2,4,4,4,2,2,4,4,3,2,3,3,4,3,4,Graphic Designer
2,2,4,2,4,4,4,2,2,4,3,3,2,3,3,4,3,3,Graphic Designer
2,2,4,2,4,4,4,2,2,4,4,3,2,3,3,3,3,4,Graphic Designer
2,1,4,2,4,3,4,2,2,4,4,3,2,3,4,4,3,4,Graphic Designer
1,2,4,2,4,4,4,2,2,4,3,3,2,3,4,3,3,4,Graphic Designer
1,2,4,2,4,3,3,2,2,4,4,3,2,3,4,3,3,4,Graphic Designer
2,1,4,2,4,3,4,2,2,4,4,3,2,3,3,3,3,3,Graphic Designer
2,1,4,2,4,4,3,2,2,4,4,3,2,3,4,3,3,3,Graphic Designer
1,2,4,2,4,3,3,2,2,4,3,3,2,3,4,4,3,3,Graphic Designer
2,1,4,2,4,4,3,2,2,4,4,3,2,3,4,4,3,4,Graphic Designer
1,2,4,2,4,3,3,2,2,4,3,3,2,3,4,3,3,4,Graphic Designer
1,2,4,2,4,3,3,2,2,4,4,3,2,3,3,3,3,4,Graphic Designer
1,2,4,2,4,3,4,2,2,4,3,3,2,3,4,4,3,3,Graphic Designer
2,2,4,2,4,4,4,2,2,4,4,3,2,3,3,4,3,4,Graphic Designer
1,2,4,2,4,3,4,2,2,4,3,3,2,3,4,3,3,3,Graphic Designer
1,2,4,2,4,3,3,2,2,4,4,3,2,3,3,4,3,4,Graphic Designer
2,2,4,2,4,3,3,2,2,4,4,3,2,3,4,3,3,3,Graphic Designer
2,1,4,2,4,4,3,2,2,4,3,3,2,3,4,3,3,3,Graphic Designer
1,1,4,2,4,3,3,2,2,4,4,3,2,3,3,4,3,3,Graphic Designer
1,2,4,2,4,4,4,2,2,4,4,3,2,3,4,3,3,3,Graphic Designer
2,2,4,2,4,4,4,2,2,4,3,3,2,3,3,4,3,3,Graphic Designer
1,2,4,2,4,3,3,2,2,4,4,3,2,3,4,3,3,4,Graphic Designer
1,1,4,2,4,3,3,2,2,4,3,3,2,3,4,4,3,3,Graphic Designer
2,2,4,2,4,3,3,2,2,4,4,3,2,3,3,4,3,4,Graphic Designer
2,2,4,2,4,3,3,2,2,4,4,3,2,3,4,4,3,3,Graphic Designer
2,1,4,2,4,4,4,2,2,4,3,3,2,3,4,4,3,3,Graphic Designer
1,1,4,2,4,3,3,2,2,4,4,3,2,3,3,4,3,4,Graphic Designer
2,2,4,2,4,4,4,2,2,4,3,3,2,3,4,4,3,3,Graphic Designer
2,2,4,2,4,4,3,2,2,4,3,3,2,3,3,3,3,3,Graphic Designer
1,1,4,2,4,4,3,2,2,4,3,3,2,3,4,3,3,4,Graphic Designer
1,1,4,2,4,4,3,2,2,4,3,3,2,3,4,3,3,4,Graphic Designer
1,1,4,2,4,3,3,2,2,4,4,3,2,3,4,3,3,4,Graphic Designer
1,1,4,2,4,4,3,2,2,4,3,3,2,3,4,4,3,3,Graphic Designer
2,2,4,2,4,4,3,2,2,4,3,3,2,3,4,3,3,4,Graphic Designer
1,1,4,2,4,4,4,2,2,4,4,3,2,3,3,3,3,4,Graphic Designer
1,1,4,2,4,3,3,2,2,4,3,3,2,3,3,4,3,3,Graphic Designer
1,1,4,2,4,3,3,2,2,4,3,3,2,3,4,4,3,3,Graphic Designer
2,2,4,3,4,2,3,4,3,4,2,3,3,4,3,4,2,3,Philosopher
2,2,3,3,4,2,3,4,3,4,2,4,3,4,3,4,2,3,Philosopher
2,2,4,3,4,2,3,4,3,4,2,4,3,4,3,4,2,3,Philosopher
2,2,3,3,4,2,3,4,3,4,2,4,3,4,3,4,2,3,Philosopher
2,2,4,3,4,2,3,4,3,4,2,4,3,4,3,4,2,3,Philosopher
2,2,3,3,4,2,3,4,3,4,2,4,3,4,3,4,2,3,Philosopher
2,2,3,3,4,2,3,4,3,4,2,4,3,4,3,4,2,3,Philosopher
2,2,4,3,4,2,3,4,3,4,2,3,3,4,3,4,2,3,Philosopher
2,2,3,3,4,2,3,4,3,4,2,4,3,4,3,4,2,3,Philosopher
2,2,4,3,4,2,3,4,3,4,2,3,3,4,3,4,2,3,Philosopher
2,2,3,3,4,2,3,4,3,4,2,4,3,4,3,4,2,3,Philosopher
2,2,4,3,4,2,3,4,3,4,2,4,3,4,3,4,2,3,Philosopher
2,2,4,3,4,2,3,4,3,4,2,4,3,4,3,4,2,3,Philosopher
2,2,3,3,4,2,3,4,3,4,2,3,3,4,3,4,2,3,Philosopher
2,2,3,3,4,2,3,4,3,4,2,4,3,4,3,4,2,3,Philosopher
2,2,3,3,4,2,3,4,3,4,2,3,3,4,3,4,2,3,Philosopher
2,2,3,3,4,2,3,4,3,4,2,3,3,4,3,4,2,3,Philosopher
2,2,3,3,4,2,3,4,3,4,2,3,3,4,3,4,2,3,Philosopher
2,2,3,3,4,2,3,4,3,4,2,3,3,4,3,4,2,3,Philosopher
2,2,3,3,4,2,3,4,3,4,2,4,3,4,3,4,2,3,Philosopher
2,2,3,3,4,2,3,4,3,4,2,4,3,4,3,4,2,3,Philosopher
2,2,3,3,4,2,3,4,3,4,2,4,3,4,3,4,2,3,Philosopher
2,2,3,3,4,2,3,4,3,4,2,4,3,4,3,4,2,3,Philosopher
2,2,4,3,4,2,3,4,3,4,2,4,3,4,3,4,2,3,Philosopher
2,2,4,3,4,2,3,4,3,4,2,3,3,4,3,4,2,3,Philosopher
2,2,3,3,4,2,3,4,3,4,2,3,3,4,3,4,2,3,Philosopher
2,2,3,3,4,2,3,4,3,4,2,4,3,4,3,4,2,3,Philosopher
2,2,4,3,4,2,3,4,3,4,2,4,3,4,3,4,2,3,Philosopher
2,2,4,3,4,2,3,4,3,4,2,3,3,4,3,4,2,3,Philosopher
2,2,3,3,4,2,3,4,3,4,2,3,3,4,3,4,2,3,Philosopher
2,2,4,3,4,2,3,4,3,4,2,3,3,4,3,4,2,3,Philosopher
2,2,3,3,4,2,3,4,3,4,2,4,3,4,3,4,2,3,Philosopher
2,2,3,3,4,2,3,4,3,4,2,4,3,4,3,4,2,3,Philosopher
2,2,3,3,4,2,3,4,3,4,2,3,3,4,3,4,2,3,Philosopher
2,2,3,3,4,2,3,4,3,4,2,3,3,4,3,4,2,3,Philosopher
2,2,4,3,4,2,3,4,3,4,2,4,3,4,3,4,2,3,Philosopher
2,2,3,3,4,2,3,4,3,4,2,3,3,4,3,4,2,3,Philosopher
2,2,3,3,4,2,3,4,3,4,2,3,3,4,3,4,2,3,Philosopher
2,2,3,3,4,2,3,4,3,4,2,3,3,4,3,4,2,3,Philosopher
2,2,3,3,4,2,3,4,3,4,2,3,3,4,3,4,2,3,Philosopher
2,2,4,3,4,2,3,4,3,4,2,4,3,4,3,4,2,3,Philosopher
2,2,3,3,4,2,3,4,3,4,2,3,3,4,3,4,2,3,Philosopher
2,2,3,3,4,2,3,4,3,4,2,4,3,4,3,4,2,3,Philosopher
2,2,3,3,4,2,3,4,3,4,2,4,3,4,3,4,2,3,Philosopher
2,2,4,3,4,2,3,4,3,4,2,4,3,4,3,4,2,3,Philosopher
2,2,3,3,4,2,3,4,3,4,2,4,3,4,3,4,2,3,Philosopher
2,2,3,3,4,2,3,4,3,4,2,4,3,4,3,4,2,3,Philosopher
2,2,3,3,4,2,3,4,3,4,2,3,3,4,3,4,2,3,Philosopher
2,2,3,3,4,2,3,4,3,4,2,4,3,4,3,4,2,3,Philosopher
2,2,4,3,4,2,3,4,3,4,2,3,3,4,3,4,2,3,Philosopher
2,2,4,3,4,2,3,4,3,4,2,4,3,4,3,4,2,3,Philosopher
2,2,4,3,4,2,3,4,3,4,2,3,3,4,3,4,2,3,Philosopher
2,2,3,3,4,2,3,4,3,4,2,4,3,4,3,4,2,3,Philosopher
2,2,4,3,4,2,3,4,3,4,2,4,3,4,3,4,2,3,Philosopher
2,2,4,3,4,2,3,4,3,4,2,4,3,4,3,4,2,3,Philosopher
2,2,3,3,4,2,3,4,3,4,2,4,3,4,3,4,2,3,Philosopher
2,2,4,3,4,2,3,4,3,4,2,3,3,4,3,4,2,3,Philosopher
2,2,3,3,4,2,3,4,3,4,2,3,3,4,3,4,2,3,Philosopher
2,2,3,3,4,2,3,4,3,4,2,3,3,4,3,4,2,3,Philosopher
2,2,4,3,4,2,3,4,3,4,2,4,3,4,3,4,2,3,Philosopher
2,2,3,3,4,2,3,4,3,4,2,3,3,4,3,4,2,3,Philosopher
2,2,4,3,4,2,3,4,3,4,2,4,3,4,3,4,2,3,Philosopher
2,2,4,3,4,2,3,4,3,4,2,3,3,4,3,4,2,3,Philosopher
2,2,3,3,4,2,3,4,3,4,2,4,3,4,3,4,2,3,Philosopher
2,2,3,3,4,2,3,4,3,4,2,3,3,4,3,4,2,3,Philosopher
2,2,4,3,4,2,3,4,3,4,2,3,3,4,3,4,2,3,Philosopher
2,2,3,3,4,2,3,4,3,4,2,3,3,4,3,4,2,3,Philosopher
2,2,4,3,4,2,3,4,3,4,2,4,3,4,3,4,2,3,Philosopher
2,2,4,3,4,2,3,4,3,4,2,4,3,4,3,4,2,3,Philosopher
2,2,3,3,4,2,3,4,3,4,2,3,3,4,3,4,2,3,Philosopher
2,2,3,3,4,2,3,4,3,4,2,3,3,4,3,4,2,3,Philosopher
2,2,4,3,4,2,3,4,3,4,2,4,3,4,3,4,2,3,Philosopher
2,2,4,3,4,2,3,4,3,4,2,3,3,4,3,4,2,3,Philosopher
2,2,3,3,4,2,3,4,3,4,2,4,3,4,3,4,2,3,Philosopher
2,2,3,3,4,2,3,4,3,4,2,3,3,4,3,4,2,3,Philosopher
2,2,3,3,4,2,3,4,3,4,2,4,3,4,3,4,2,3,Philosopher
2,2,4,3,4,2,3,4,3,4,2,3,3,4,3,4,2,3,Philosopher
2,2,3,3,4,2,3,4,3,4,2,3,3,4,3,4,2,3,Philosopher
2,2,4,3,4,2,3,4,3,4,2,4,3,4,3,4,2,3,Philosopher
2,2,3,3,4,2,3,4,3,4,2,3,3,4,3,4,2,3,Philosopher
2,2,4,3,4,2,3,4,3,4,2,4,3,4,3,4,2,3,Philosopher
2,2,3,3,4,2,3,4,3,4,2,4,3,4,3,4,2,3,Philosopher
2,2,3,3,4,2,3,4,3,4,2,3,3,4,3,4,2,3,Philosopher
2,2,4,3,4,2,3,4,3,4,2,3,3,4,3,4,2,3,Philosopher
2,2,4,3,4,2,3,4,3,4,2,4,3,4,3,4,2,3,Philosopher
2,2,4,3,4,2,3,4,3,4,2,4,3,4,3,4,2,3,Philosopher
2,2,4,3,4,2,3,4,3,4,2,4,3,4,3,4,2,3,Philosopher
2,2,4,3,4,2,3,4,3,4,2,3,3,4,3,4,2,3,Philosopher
2,2,3,3,4,2,3,4,3,4,2,3,3,4,3,4,2,3,Philosopher
2,2,4,3,4,2,3,4,3,4,2,3,3,4,3,4,2,3,Philosopher
2,2,3,3,4,2,3,4,3,4,2,3,3,4,3,4,2,3,Philosopher
2,2,4,3,4,2,3,4,3,4,2,4,3,4,3,4,2,3,Philosopher
2,2,4,3,4,2,3,4,3,4,2,3,3,4,3,4,2,3,Philosopher
2,2,3,3,4,2,3,4,3,4,2,3,3,4,3,4,2,3,Philosopher
2,2,3,3,4,2,3,4,3,4,2,3,3,4,3,4,2,3,Philosopher
2,2,3,3,4,2,3,4,3,4,2,4,3,4,3,4,2,3,Philosopher
2,2,3,3,4,2,3,4,3,4,2,3,3,4,3,4,2,3,Philosopher
2,2,3,3,4,2,3,4,3,4,2,4,3,4,3,4,2,3,Philosopher
2,2,4,3,4,2,3,4,3,4,2,4,3,4,3,4,2,3,Philosopher
2,2,3,3,4,2,3,4,3,4,2,4,3,4,3,4,2,3,Philosopher
4,4,2,4,2,3,2,2,4,2,2,3,2,4,2,4,4,2,Data Analyst
3,4,2,4,1,3,2,2,4,2,3,3,2,4,2,4,4,2,Data Analyst
3,4,2,4,2,3,2,2,4,2,2,3,2,4,2,4,4,2,Data Analyst
3,4,2,4,2,3,2,2,3,2,3,3,2,4,2,4,3,2,Data Analyst
4,4,2,4,1,3,2,2,4,2,3,3,2,4,2,4,4,2,Data Analyst
4,4,2,4,1,3,2,2,4,2,2,3,2,4,2,4,4,2,Data Analyst
3,4,2,4,1,3,2,2,4,2,2,3,2,4,2,4,3,2,Data Analyst
4,4,2,4,2,3,2,2,3,2,3,3,2,4,2,4,4,2,Data Analyst
4,4,2,4,2,3,2,2,3,2,2,3,2,4,2,4,4,2,Data Analyst
4,4,2,4,1,3,2,2,3,2,2,3,2,4,2,4,4,2,Data Analyst
4,4,2,4,1,3,2,2,4,2,3,3,2,4,2,4,3,2,Data Analyst
4,4,2,4,1,3,2,2,4,2,2,3,2,4,2,4,4,2,Data Analyst
3,4,2,4,1,3,2,2,3,2,3,3,2,4,2,4,3,2,Data Analyst
3,4,2,4,2,3,2,2,3,2,3,3,2,4,2,4,3,2,Data Analyst
3,4,2,4,2,3,2,2,4,2,2,3,2,4,2,4,4,2,Data Analyst
3,4,2,4,2,3,2,2,4,2,2,3,2,4,2,4,4,2,Data Analyst
3,4,2,4,2,3,2,2,3,2,3,3,2,4,2,4,4,2,Data Analyst
3,4,2,4,2,3,2,2,4,2,3,3,2,4,2,4,4,2,Data Analyst
3,4,2,4,2,3,2,2,4,2,2,3,2,4,2,4,3,2,Data Analyst
3,4,2,4,2,3,2,2,3,2,2,3,2,4,2,4,4,2,Data Analyst
3,4,2,4,2,3,2,2,4,2,2,3,2,4,2,4,3,2,Data Analyst
3,4,2,4,2,3,2,2,4,2,3,3,2,4,2,4,3,2,Data Analyst
4,4,2,4,1,3,2,2,3,2,2,3,2,4,2,4,4,2,Data Analyst
4,4,2,4,2,3,2,2,3,2,3,3,2,4,2,4,4,2,Data Analyst
4,4,2,4,1,3,2,2,3,2,3,3,2,4,2,4,4,2,Data Analyst
3,4,2,4,2,3,2,2,4,2,3,3,2,4,2,4,4,2,Data Analyst
4,4,2,4,2,3,2,2,4,2,2,3,2,4,2,4,4,2,Data Analyst
3,4,2,4,1,3,2,2,4,2,3,3,2,4,2,4,4,2,Data Analyst
4,4,2,4,1,3,2,2,4,2,2,3,2,4,2,4,4,2,Data Analyst
4,4,2,4,2,3,2,2,4,2,2,3,2,4,2,4,4,2,Data Analyst
3,4,2,4,1,3,2,2,4,2,2,3,2,4,2,4,3,2,Data Analyst
3,4,2,4,2,3,2,2,4,2,2,3,2,4,2,4,4,2,Data Analyst
3,4,2,4,2,3,2,2,3,2,2,3,2,4,2,4,4,2,Data Analyst
3,4,2,4,2,3,2,2,4,2,3,3,2,4,2,4,4,2,Data Analyst
3,4,2,4,2,3,2,2,4,2,3,3,2,4,2,4,3,2,Data Analyst
3,4,2,4,2,3,2,2,3,2,2,3,2,4,2,4,4,2,Data Analyst
4,4,2,4,1,3,2,2,4,2,3,3,2,4,2,4,4,2,Data Analyst
3,4,2,4,1,3,2,2,3,2,3,3,2,4,2,4,4,2,Data Analyst
3,4,2,4,1,3,2,2,4,2,2,3,2,4,2,4,4,2,Data Analyst
3,4,2,4,2,3,2,2,3,2,3,3,2,4,2,4,3,2,Data Analyst
4,4,2,4,2,3,2,2,4,2,3,3,2,4,2,4,3,2,Data Analyst
4,4,2,4,1,3,2,2,3,2,2,3,2,4,2,4,3,2,Data Analyst
4,4,2,4,2,3,2,2,3,2,2,3,2,4,2,4,4,2,Data Analyst
3,4,2,4,2,3,2,2,4,2,2,3,2,4,2,4,3,2,Data Analyst
3,4,2,4,1,3,2,2,4,2,3,3,2,4,2,4,3,2,Data Analyst
4,4,2,4,2,3,2,2,3,2,2,3,2,4,2,4,4,2,Data Analyst
3,4,2,4,1,3,2,2,3,2,2,3,2,4,2,4,3,2,Data Analyst
4,4,2,4,2,3,2,2,4,2,2,3,2,4,2,4,4,2,Data Analyst
4,4,2,4,2,3,2,2,3,2,2,3,2,4,2,4,4,2,Data Analyst
4,4,2,4,2,3,2,2,4,2,3,3,2,4,2,4,4,2,Data Analyst
3,4,2,4,2,3,2,2,4,2,3,3,2,4,2,4,3,2,Data Analyst
3,4,2,4,2,3,2,2,3,2,2,3,2,4,2,4,4,2,Data Analyst
4,4,2,4,1,3,2,2,4,2,2,3,2,4,2,4,3,2,Data Analyst
4,4,2,4,1,3,2,2,3,2,2,3,2,4,2,4,3,2,Data Analyst
4,4,2,4,1,3,2,2,4,2,2,3,2,4,2,4,3,2,Data Analyst
4,4,2,4,1,3,2,2,3,2,2,3,2,4,2,4,3,2,Data Analyst
4,4,2,4,2,3,2,2,4,2,3,3,2,4,2,4,4,2,Data Analyst
3,4,2,4,1,3,2,2,3,2,3,3,2,4,2,4,4,2,Data Analyst
3,4,2,4,1,3,2,2,3,2,3,3,2,4,2,4,4,2,Data Analyst
4,4,2,4,2,3,2,2,3,2,2,3,2,4,2,4,3,2,Data Analyst
3,4,2,4,2,3,2,2,4,2,2,3,2,4,2,4,3,2,Data Analyst
4,4,2,4,1,3,2,2,3,2,2,3,2,4,2,4,3,2,Data Analyst
4,4,2,4,1,3,2,2,4,2,3,3,2,4,2,4,4,2,Data Analyst
4,4,2,4,1,3,2,2,3,2,3,3,2,4,2,4,4,2,Data Analyst
4,4,2,4,1,3,2,2,4,2,2,3,2,4,2,4,3,2,Data Analyst
3,4,2,4,1,3,2,2,3,2,3,3,2,4,2,4,3,2,Data Analyst
3,4,2,4,1,3,2,2,4,2,2,3,2,4,2,4,4,2,Data Analyst
4,4,2,4,1,3,2,2,3,2,3,3,2,4,2,4,4,2,Data Analyst
3,4,2,4,1,3,2,2,4,2,3,3,2,4,2,4,4,2,Data Analyst
3,4,2,4,2,3,2,2,3,2,3,3,2,4,2,4,3,2,Data Analyst
4,4,2,4,2,3,2,2,4,2,2,3,2,4,2,4,3,2,Data Analyst
3,4,2,4,1,3,2,2,4,2,2,3,2,4,2,4,3,2,Data Analyst
3,4,2,4,2,3,2,2,3,2,3,3,2,4,2,4,4,2,Data Analyst
4,4,2,4,1,3,2,2,3,2,3,3,2,4,2,4,4,2,Data Analyst
3,4,2,4,2,3,2,2,4,2,2,3,2,4,2,4,3,2,Data Analyst
3,4,2,4,1,3,2,2,3,2,2,3,2,4,2,4,3,2,Data Analyst
4,4,2,4,2,3,2,2,4,2,2,3,2,4,2,4,4,2,Data Analyst
4,4,2,4,2,3,2,2,4,2,3,3,2,4,2,4,4,2,Data Analyst
4,4,2,4,2,3,2,2,4,2,3,3,2,4,2,4,4,2,Data Analyst
3,4,2,4,2,3,2,2,3,2,3,3,2,4,2,4,3,2,Data Analyst
4,4,2,4,2,3,2,2,3,2,2,3,2,4,2,4,4,2,Data Analyst
4,4,2,4,2,3,2,2,4,2,2,3,2,4,2,4,4,2,Data Analyst
4,4,2,4,1,3,2,2,4,2,2,3,2,4,2,4,3,2,Data Analyst
4,4,2,4,2,3,2,2,3,2,3,3,2,4,2,4,3,2,Data Analyst
3,4,2,4,1,3,2,2,4,2,3,3,2,4,2,4,4,2,Data Analyst
3,4,2,4,2,3,2,2,4,2,3,3,2,4,2,4,4,2,Data Analyst
3,4,2,4,1,3,2,2,3,2,2,3,2,4,2,4,3,2,Data Analyst
4,4,2,4,1,3,2,2,4,2,2,3,2,4,2,4,4,2,Data Analyst
4,4,2,4,2,3,2,2,4,2,2,3,2,4,2,4,3,2,Data Analyst
3,4,2,4,1,3,2,2,4,2,3,3,2,4,2,4,4,2,Data Analyst
4,4,2,4,1,3,2,2,4,2,3,3,2,4,2,4,3,2,Data Analyst
3,4,2,4,2,3,2,2,4,2,3,3,2,4,2,4,4,2,Data Analyst
4,4,2,4,2,3,2,2,3,2,2,3,2,4,2,4,3,2,Data Analyst
3,4,2,4,2,3,2,2,4,2,2,3,2,4,2,4,4,2,Data Analyst
4,4,2,4,2,3,2,2,4,2,3,3,2,4,2,4,4,2,Data Analyst
3,4,2,4,1,3,2,2,4,2,3,3,2,4,2,4,3,2,Data Analyst
3,4,2,4,1,3,2,2,3,2,2,3,2,4,2,4,3,2,Data Analyst
3,4,2,4,2,3,2,2,4,2,2,3,2,4,2,4,4,2,Data Analyst
3,4,2,4,1,3,2,2,4,2,2,3,2,4,2,4,4,2,Data Analyst
4,4,2,4,2,3,2,2,4,2,2,3,2,4,2,4,3,2,Data Analyst
2,1,4,2,4,2,4,4,2,4,4,2,4,4,4,2,2,4,Social Worker
2,1,4,2,4,2,4,4,2,4,3,1,4,3,4,2,2,4,Social Worker
2,1,4,2,4,1,4,4,2,4,3,2,4,3,4,2,2,3,Social Worker
2,1,4,2,4,1,4,4,2,4,3,1,4,3,4,2,2,4,Social Worker
2,1,4,2,4,2,4,4,2,4,4,1,4,4,4,2,2,3,Social Worker
2,1,4,2,4,2,4,4,2,4,4,1,4,4,4,2,2,4,Social Worker
2,1,4,2,4,2,4,4,2,4,4,2,4,4,4,2,2,3,Social Worker
2,1,4,2,4,2,4,4,2,4,3,2,4,4,4,2,2,3,Social Worker
2,1,4,2,4,2,4,4,2,4,4,2,4,4,4,2,2,3,Social Worker
2,1,4,2,4,1,4,4,2,4,3,2,4,3,4,2,2,4,Social Worker
2,1,4,2,4,1,4,4,2,4,4,1,4,3,4,2,2,4,Social Worker
2,1,4,2,4,2,4,4,2,4,4,2,4,4,4,2,2,4,Social Worker
2,1,4,2,4,2,4,4,2,4,4,2,4,3,4,2,2,3,Social Worker
2,1,4,2,4,2,4,4,2,4,3,2,4,4,4,2,2,4,Social Worker
2,1,4,2,4,1,4,4,2,4,4,1,4,4,4,2,2,4,Social Worker
2,1,4,2,4,2,4,4,2,4,4,2,4,4,4,2,2,4,Social Worker
2,1,4,2,4,2,4,4,2,4,3,2,4,3,4,2,2,3,Social Worker
2,1,4,2,4,2,4,4,2,4,3,1,4,4,4,2,2,3,Social Worker
2,1,4,2,4,2,4,4,2,4,4,2,4,4,4,2,2,4,Social Worker
2,1,4,2,4,2,4,4,2,4,4,2,4,4,4,2,2,4,Social Worker
2,1,4,2,4,2,4,4,2,4,3,2,4,4,4,2,2,4,Social Worker
2,1,4,2,4,2,4,4,2,4,3,1,4,4,4,2,2,4,Social Worker
2,1,4,2,4,1,4,4,2,4,3,1,4,3,4,2,2,3,Social Worker
2,1,4,2,4,2,4,4,2,4,3,2,4,3,4,2,2,4,Social Worker
2,1,4,2,4,2,4,4,2,4,3,1,4,3,4,2,2,4,Social Worker
2,1,4,2,4,2,4,4,2,4,3,1,4,4,4,2,2,3,Social Worker
2,1,4,2,4,1,4,4,2,4,4,1,4,4,4,2,2,4,Social Worker
2,1,4,2,4,2,4,4,2,4,4,1,4,3,4,2,2,3,Social Worker
2,1,4,2,4,2,4,4,2,4,4,2,4,4,4,2,2,4,Social Worker
2,1,4,2,4,2,4,4,2,4,3,1,4,3,4,2,2,3,Social Worker
2,1,4,2,4,1,4,4,2,4,4,2,4,3,4,2,2,3,Social Worker
2,1,4,2,4,1,4,4,2,4,4,2,4,4,4,2,2,3,Social Worker
2,1,4,2,4,1,4,4,2,4,4,2,4,3,4,2,2,4,Social Worker
2,1,4,2,4,1,4,4,2,4,3,2,4,4,4,2,2,4,Social Worker
2,1,4,2,4,2,4,4,2,4,3,1,4,4,4,2,2,4,Social Worker
2,1,4,2,4,1,4,4,2,4,3,1,4,3,4,2,2,4,Social Worker
2,1,4,2,4,2,4,4,2,4,3,1,4,3,4,2,2,4,Social Worker
2,1,4,2,4,1,4,4,2,4,3,1,4,4,4,2,2,3,Social Worker
2,1,4,2,4,1,4,4,2,4,4,2,4,3,4,2,2,4,Social Worker
2,1,4,2,4,2,4,4,2,4,4,1,4,3,4,2,2,4,Social Worker
2,1,4,2,4,1,4,4,2,4,3,1,4,3,4,2,2,3,Social Worker
2,1,4,2,4,2,4,4,2,4,4,1,4,3,4,2,2,4,Social Worker
2,1,4,2,4,1,4,4,2,4,3,2,4,4,4,2,2,3,Social Worker
2,1,4,2,4,1,4,4,2,4,4,2,4,4,4,2,2,3,Social Worker
2,1,4,2,4,2,4,4,2,4,4,2,4,3,4,2,2,3,Social Worker
2,1,4,2,4,1,4,4,2,4,4,2,4,3,4,2,2,4,Social Worker
2,1,4,2,4,1,4,4,2,4,4,2,4,3,4,2,2,4,Social Worker
2,1,4,2,4,1,4,4,2,4,4,2,4,3,4,2,2,4,Social Worker
2,1,4,2,4,2,4,4,2,4,4,2,4,4,4,2,2,3,Social Worker
2,1,4,2,4,2,4,4,2,4,4,2,4,4,4,2,2,3,Social Worker
2,1,4,2,4,1,4,4,2,4,3,1,4,4,4,2,2,4,Social Worker
2,1,4,2,4,2,4,4,2,4,4,1,4,4,4,2,2,3,Social Worker
2,1,4,2,4,2,4,4,2,4,4,2,4,4,4,2,2,4,Social Worker
2,1,4,2,4,2,4,4,2,4,4,2,4,4,4,2,2,3,Social Worker
2,1,4,2,4,1,4,4,2,4,3,1,4,3,4,2,2,4,Social Worker
2,1,4,2,4,2,4,4,2,4,3,2,4,4,4,2,2,3,Social Worker
2,1,4,2,4,1,4,4,2,4,3,2,4,4,4,2,2,4,Social Worker
2,1,4,2,4,1,4,4,2,4,4,2,4,4,4,2,2,3,Social Worker
2,1,4,2,4,1,4,4,2,4,3,1,4,4,4,2,2,3,Social Worker
2,1,4,2,4,1,4,4,2,4,3,1,4,4,4,2,2,4,Social Worker
2,1,4,2,4,1,4,4,2,4,3,2,4,4,4,2,2,3,Social Worker
2,1,4,2,4,1,4,4,2,4,4,2,4,3,4,2,2,3,Social Worker
2,1,4,2,4,1,4,4,2,4,4,2,4,4,4,2,2,4,Social Worker
2,1,4,2,4,2,4,4,2,4,3,1,4,4,4,2,2,3,Social Worker
2,1,4,2,4,1,4,4,2,4,4,1,4,3,4,2,2,4,Social Worker
2,1,4,2,4,2,4,4,2,4,3,1,4,4,4,2,2,3,Social Worker
2,1,4,2,4,2,4,4,2,4,4,1,4,4,4,2,2,4,Social Worker
2,1,4,2,4,1,4,4,2,4,3,1,4,4,4,2,2,3,Social Worker
2,1,4,2,4,1,4,4,2,4,3,1,4,4,4,2,2,4,Social Worker
2,1,4,2,4,2,4,4,2,4,4,2,4,4,4,2,2,3,Social Worker
2,1,4,2,4,1,4,4,2,4,4,1,4,4,4,2,2,4,Social Worker
2,1,4,2,4,2,4,4,2,4,4,2,4,3,4,2,2,4,Social Worker
2,1,4,2,4,1,4,4,2,4,3,1,4,3,4,2,2,4,Social Worker
2,1,4,2,4,1,4,4,2,4,3,1,4,4,4,2,2,3,Social Worker
2,1,4,2,4,1,4,4,2,4,4,2,4,3,4,2,2,3,Social Worker
2,1,4,2,4,2,4,4,2,4,3,2,4,4,4,2,2,4,Social Worker
2,1,4,2,4,2,4,4,2,4,4,2,4,4,4,2,2,3,Social Worker
2,1,4,2,4,1,4,4,2,4,4,1,4,4,4,2,2,3,Social Worker
2,1,4,2,4,1,4,4,2,4,3,1,4,4,4,2,2,4,Social Worker
2,1,4,2,4,1,4,4,2,4,3,1,4,3,4,2,2,4,Social Worker
2,1,4,2,4,1,4,4,2,4,3,2,4,4,4,2,2,3,Social Worker
2,1,4,2,4,2,4,4,2,4,3,2,4,3,4,2,2,4,Social Worker
2,1,4,2,4,1,4,4,2,4,4,2,4,4,4,2,2,3,Social Worker
2,1,4,2,4,2,4,4,2,4,3,2,4,4,4,2,2,3,Social Worker
2,1,4,2,4,2,4,4,2,4,3,2,4,3,4,2,2,4,Social Worker
2,1,4,2,4,2,4,4,2,4,3,2,4,4,4,2,2,4,Social Worker
2,1,4,2,4,2,4,4,2,4,4,1,4,4,4,2,2,3,Social Worker
2,1,4,2,4,2,4,4,2,4,4,2,4,3,4,2,2,3,Social Worker
2,1,4,2,4,2,4,4,2,4,4,1,4,4,4,2,2,3,Social Worker
2,1,4,2,4,2,4,4,2,4,3,1,4,3,4,2,2,3,Social Worker
2,1,4,2,4,2,4,4,2,4,3,1,4,4,4,2,2,3,Social Worker
2,1,4,2,4,1,4,4,2,4,3,2,4,4,4,2,2,3,Social Worker
2,1,4,2,4,2,4,4,2,4,4,2,4,4,4,2,2,4,Social Worker
2,1,4,2,4,1,4,4,2,4,4,2,4,3,4,2,2,3,Social Worker
2,1,4,2,4,1,4,4,2,4,3,1,4,4,4,2,2,4,Social Worker
2,1,4,2,4,1,4,4,2,4,4,2,4,4,4,2,2,3,Social Worker
2,1,4,2,4,2,4,4,2,4,3,1,4,3,4,2,2,3,Social Worker
2,1,4,2,4,2,4,4,2,4,3,1,4,4,4,2,2,4,Social Worker
2,1,4,2,4,2,4,4,2,4,4,2,4,3,4,2,2,4,Social Worker
2,1,4,2,4,1,4,4,2,4,4,1,4,3,4,2,2,3,Social Worker
3,3,4,4,4,4,4,3,4,3,3,4,4,4,3,4,3,4,Entrepreneur
3,3,4,4,4,4,4,3,4,3,3,4,4,4,3,4,3,4,Entrepreneur
3,3,4,4,4,4,4,3,4,3,3,4,4,4,3,4,3,4,Entrepreneur
3,3,4,4,4,4,4,3,4,3,3,4,4,4,3,4,3,4,Entrepreneur
3,3,4,4,4,4,4,3,4,3,3,4,4,4,3,4,3,4,Entrepreneur
3,3,4,4,4,4,4,3,4,3,3,4,4,4,3,4,3,4,Entrepreneur
3,3,4,4,4,4,4,3,4,3,3,4,4,4,3,4,3,4,Entrepreneur
3,3,4,4,4,4,4,3,4,3,3,4,4,4,3,4,3,4,Entrepreneur
3,3,4,4,4,4,4,3,4,3,3,4,4,4,3,4,3,4,Entrepreneur
3,3,4,4,4,4,4,3,4,3,3,4,4,4,3,4,3,4,Entrepreneur
3,3,4,4,4,4,4,3,4,3,3,4,4,4,3,4,3,4,Entrepreneur
3,3,4,4,4,4,4,3,4,3,3,4,4,4,3,4,3,4,Entrepreneur
3,3,4,4,4,4,4,3,4,3,3,4,4,4,3,4,3,4,Entrepreneur
3,3,4,4,4,4,4,3,4,3,3,4,4,4,3,4,3,4,Entrepreneur
3,3,4,4,4,4,4,3,4,3,3,4,4,4,3,4,3,4,Entrepreneur
3,3,4,4,4,4,4,3,4,3,3,4,4,4,3,4,3,4,Entrepreneur
3,3,4,4,4,4,4,3,4,3,3,4,4,4,3,4,3,4,Entrepreneur
3,3,4,4,4,4,4,3,4,3,3,4,4,4,3,4,3,4,Entrepreneur
3,3,4,4,4,4,4,3,4,3,3,4,4,4,3,4,3,4,Entrepreneur
3,3,4,4,4,4,4,3,4,3,3,4,4,4,3,4,3,4,Entrepreneur
3,3,4,4,4,4,4,3,4,3,3,4,4,4,3,4,3,4,Entrepreneur
3,3,4,4,4,4,4,3,4,3,3,4,4,4,3,4,3,4,Entrepreneur
3,3,4,4,4,4,4,3,4,3,3,4,4,4,3,4,3,4,Entrepreneur
3,3,4,4,4,4,4,3,4,3,3,4,4,4,3,4,3,4,Entrepreneur
3,3,4,4,4,4,4,3,4,3,3,4,4,4,3,4,3,4,Entrepreneur
3,3,4,4,4,4,4,3,4,3,3,4,4,4,3,4,3,4,Entrepreneur
3,3,4,4,4,4,4,3,4,3,3,4,4,4,3,4,3,4,Entrepreneur
3,3,4,4,4,4,4,3,4,3,3,4,4,4,3,4,3,4,Entrepreneur
3,3,4,4,4,4,4,3,4,3,3,4,4,4,3,4,3,4,Entrepreneur
3,3,4,4,4,4,4,3,4,3,3,4,4,4,3,4,3,4,Entrepreneur
3,3,4,4,4,4,4,3,4,3,3,4,4,4,3,4,3,4,Entrepreneur
3,3,4,4,4,4,4,3,4,3,3,4,4,4,3,4,3,4,Entrepreneur
3,3,4,4,4,4,4,3,4,3,3,4,4,4,3,4,3,4,Entrepreneur
3,3,4,4,4,4,4,3,4,3,3,4,4,4,3,4,3,4,Entrepreneur
3,3,4,4,4,4,4,3,4,3,3,4,4,4,3,4,3,4,Entrepreneur
3,3,4,4,4,4,4,3,4,3,3,4,4,4,3,4,3,4,Entrepreneur
3,3,4,4,4,4,4,3,4,3,3,4,4,4,3,4,3,4,Entrepreneur
3,3,4,4,4,4,4,3,4,3,3,4,4,4,3,4,3,4,Entrepreneur
3,3,4,4,4,4,4,3,4,3,3,4,4,4,3,4,3,4,Entrepreneur
3,3,4,4,4,4,4,3,4,3,3,4,4,4,3,4,3,4,Entrepreneur
3,3,4,4,4,4,4,3,4,3,3,4,4,4,3,4,3,4,Entrepreneur
3,3,4,4,4,4,4,3,4,3,3,4,4,4,3,4,3,4,Entrepreneur
3,3,4,4,4,4,4,3,4,3,3,4,4,4,3,4,3,4,Entrepreneur
3,3,4,4,4,4,4,3,4,3,3,4,4,4,3,4,3,4,Entrepreneur
3,3,4,4,4,4,4,3,4,3,3,4,4,4,3,4,3,4,Entrepreneur
3,3,4,4,4,4,4,3,4,3,3,4,4,4,3,4,3,4,Entrepreneur
3,3,4,4,4,4,4,3,4,3,3,4,4,4,3,4,3,4,Entrepreneur
3,3,4,4,4,4,4,3,4,3,3,4,4,4,3,4,3,4,Entrepreneur
3,3,4,4,4,4,4,3,4,3,3,4,4,4,3,4,3,4,Entrepreneur
3,3,4,4,4,4,4,3,4,3,3,4,4,4,3,4,3,4,Entrepreneur
3,3,4,4,4,4,4,3,4,3,3,4,4,4,3,4,3,4,Entrepreneur
3,3,4,4,4,4,4,3,4,3,3,4,4,4,3,4,3,4,Entrepreneur
3,3,4,4,4,4,4,3,4,3,3,4,4,4,3,4,3,4,Entrepreneur
3,3,4,4,4,4,4,3,4,3,3,4,4,4,3,4,3,4,Entrepreneur
3,3,4,4,4,4,4,3,4,3,3,4,4,4,3,4,3,4,Entrepreneur
3,3,4,4,4,4,4,3,4,3,3,4,4,4,3,4,3,4,Entrepreneur
3,3,4,4,4,4,4,3,4,3,3,4,4,4,3,4,3,4,Entrepreneur
3,3,4,4,4,4,4,3,4,3,3,4,4,4,3,4,3,4,Entrepreneur
3,3,4,4,4,4,4,3,4,3,3,4,4,4,3,4,3,4,Entrepreneur
3,3,4,4,4,4,4,3,4,3,3,4,4,4,3,4,3,4,Entrepreneur
3,3,4,4,4,4,4,3,4,3,3,4,4,4,3,4,3,4,Entrepreneur
3,3,4,4,4,4,4,3,4,3,3,4,4,4,3,4,3,4,Entrepreneur
3,3,4,4,4,4,4,3,4,3,3,4,4,4,3,4,3,4,Entrepreneur
3,3,4,4,4,4,4,3,4,3,3,4,4,4,3,4,3,4,Entrepreneur
3,3,4,4,4,4,4,3,4,3,3,4,4,4,3,4,3,4,Entrepreneur
3,3,4,4,4,4,4,3,4,3,3,4,4,4,3,4,3,4,Entrepreneur
3,3,4,4,4,4,4,3,4,3,3,4,4,4,3,4,3,4,Entrepreneur
3,3,4,4,4,4,4,3,4,3,3,4,4,4,3,4,3,4,Entrepreneur
3,3,4,4,4,4,4,3,4,3,3,4,4,4,3,4,3,4,Entrepreneur
3,3,4,4,4,4,4,3,4,3,3,4,4,4,3,4,3,4,Entrepreneur
3,3,4,4,4,4,4,3,4,3,3,4,4,4,3,4,3,4,Entrepreneur
3,3,4,4,4,4,4,3,4,3,3,4,4,4,3,4,3,4,Entrepreneur
3,3,4,4,4,4,4,3,4,3,3,4,4,4,3,4,3,4,Entrepreneur
3,3,4,4,4,4,4,3,4,3,3,4,4,4,3,4,3,4,Entrepreneur
3,3,4,4,4,4,4,3,4,3,3,4,4,4,3,4,3,4,Entrepreneur
3,3,4,4,4,4,4,3,4,3,3,4,4,4,3,4,3,4,Entrepreneur
3,3,4,4,4,4,4,3,4,3,3,4,4,4,3,4,3,4,Entrepreneur
3,3,4,4,4,4,4,3,4,3,3,4,4,4,3,4,3,4,Entrepreneur
3,3,4,4,4,4,4,3,4,3,3,4,4,4,3,4,3,4,Entrepreneur
3,3,4,4,4,4,4,3,4,3,3,4,4,4,3,4,3,4,Entrepreneur
3,3,4,4,4,4,4,3,4,3,3,4,4,4,3,4,3,4,Entrepreneur
3,3,4,4,4,4,4,3,4,3,3,4,4,4,3,4,3,4,Entrepreneur
3,3,4,4,4,4,4,3,4,3,3,4,4,4,3,4,3,4,Entrepreneur
3,3,4,4,4,4,4,3,4,3,3,4,4,4,3,4,3,4,Entrepreneur
3,3,4,4,4,4,4,3,4,3,3,4,4,4,3,4,3,4,Entrepreneur
3,3,4,4,4,4,4,3,4,3,3,4,4,4,3,4,3,4,Entrepreneur
3,3,4,4,4,4,4,3,4,3,3,4,4,4,3,4,3,4,Entrepreneur
3,3,4,4,4,4,4,3,4,3,3,4,4,4,3,4,3,4,Entrepreneur
3,3,4,4,4,4,4,3,4,3,3,4,4,4,3,4,3,4,Entrepreneur
3,3,4,4,4,4,4,3,4,3,3,4,4,4,3,4,3,4,Entrepreneur
3,3,4,4,4,4,4,3,4,3,3,4,4,4,3,4,3,4,Entrepreneur
3,3,4,4,4,4,4,3,4,3,3,4,4,4,3,4,3,4,Entrepreneur
3,3,4,4,4,4,4,3,4,3,3,4,4,4,3,4,3,4,Entrepreneur
3,3,4,4,4,4,4,3,4,3,3,4,4,4,3,4,3,4,Entrepreneur
3,3,4,4,4,4,4,3,4,3,3,4,4,4,3,4,3,4,Entrepreneur
3,3,4,4,4,4,4,3,4,3,3,4,4,4,3,4,3,4,Entrepreneur
3,3,4,4,4,4,4,3,4,3,3,4,4,4,3,4,3,4,Entrepreneur
3,3,4,4,4,4,4,3,4,3,3,4,4,4,3,4,3,4,Entrepreneur
3,3,4,4,4,4,4,3,4,3,3,4,4,4,3,4,3,4,Entrepreneur
3,3,4,4,4,4,4,3,4,3,3,4,4,4,3,4,3,4,Entrepreneur
2,2,4,3,4,2,4,3,3,4,4,3,3,4,4,3,3,3,Marketing Specialist
2,2,4,3,4,2,4,3,3,4,3,3,3,4,4,3,3,3,Marketing Specialist
2,2,4,3,4,2,4,3,4,4,4,3,3,4,4,3,3,3,Marketing Specialist
2,2,4,3,4,2,4,3,4,4,3,3,3,4,4,3,3,3,Marketing Specialist
2,2,4,3,4,3,4,3,3,4,4,3,3,4,4,3,3,3,Marketing Specialist
2,2,4,3,4,3,4,3,4,4,4,3,3,4,4,3,3,3,Marketing Specialist
2,2,4,3,4,2,4,3,4,4,4,3,3,4,4,3,3,3,Marketing Specialist
2,2,4,3,4,3,4,3,4,4,4,3,3,4,4,3,3,3,Marketing Specialist
2,2,4,3,4,3,4,3,3,4,4,3,3,4,4,3,3,3,Marketing Specialist
2,2,4,3,4,2,4,3,4,4,4,3,3,4,4,3,3,3,Marketing Specialist
2,2,4,3,4,3,4,3,4,4,4,3,3,4,4,3,3,3,Marketing Specialist
2,2,4,3,4,3,4,3,4,4,4,3,3,4,4,3,3,3,Marketing Specialist
2,2,4,3,4,3,4,3,3,4,4,3,3,4,4,3,3,3,Marketing Specialist
2,2,4,3,4,3,4,3,3,4,3,3,3,4,4,3,3,3,Marketing Specialist
2,2,4,3,4,2,4,3,4,4,4,3,3,4,4,3,3,3,Marketing Specialist
2,2,4,3,4,2,4,3,4,4,4,3,3,4,4,3,3,3,Marketing Specialist
2,2,4,3,4,2,4,3,4,4,4,3,3,4,4,3,3,3,Marketing Specialist
2,2,4,3,4,3,4,3,4,4,3,3,3,4,4,3,3,3,Marketing Specialist
2,2,4,3,4,2,4,3,3,4,3,3,3,4,4,3,3,3,Marketing Specialist
2,2,4,3,4,3,4,3,3,4,3,3,3,4,4,3,3,3,Marketing Specialist
2,2,4,3,4,3,4,3,4,4,4,3,3,4,4,3,3,3,Marketing Specialist
2,2,4,3,4,3,4,3,4,4,3,3,3,4,4,3,3,3,Marketing Specialist
2,2,4,3,4,3,4,3,3,4,4,3,3,4,4,3,3,3,Marketing Specialist
2,2,4,3,4,3,4,3,4,4,3,3,3,4,4,3,3,3,Marketing Specialist
2,2,4,3,4,2,4,3,4,4,3,3,3,4,4,3,3,3,Marketing Specialist
2,2,4,3,4,3,4,3,3,4,4,3,3,4,4,3,3,3,Marketing Specialist
2,2,4,3,4,2,4,3,3,4,4,3,3,4,4,3,3,3,Marketing Specialist
2,2,4,3,4,3,4,3,4,4,3,3,3,4,4,3,3,3,Marketing Specialist
2,2,4,3,4,3,4,3,4,4,3,3,3,4,4,3,3,3,Marketing Specialist
2,2,4,3,4,2,4,3,4,4,4,3,3,4,4,3,3,3,Marketing Specialist
2,2,4,3,4,3,4,3,3,4,4,3,3,4,4,3,3,3,Marketing Specialist
2,2,4,3,4,3,4,3,4,4,4,3,3,4,4,3,3,3,Marketing Specialist
2,2,4,3,4,3,4,3,4,4,3,3,3,4,4,3,3,3,Marketing Specialist
2,2,4,3,4,2,4,3,4,4,4,3,3,4,4,3,3,3,Marketing Specialist
2,2,4,3,4,2,4,3,3,4,3,3,3,4,4,3,3,3,Marketing Specialist
2,2,4,3,4,3,4,3,4,4,3,3,3,4,4,3,3,3,Marketing Specialist
2,2,4,3,4,2,4,3,4,4,3,3,3,4,4,3,3,3,Marketing Specialist
2,2,4,3,4,3,4,3,3,4,4,3,3,4,4,3,3,3,Marketing Specialist
2,2,4,3,4,2,4,3,4,4,3,3,3,4,4,3,3,3,Marketing Specialist
2,2,4,3,4,3,4,3,4,4,3,3,3,4,4,3,3,3,Marketing Specialist
2,2,4,3,4,3,4,3,4,4,4,3,3,4,4,3,3,3,Marketing Specialist
2,2,4,3,4,2,4,3,3,4,3,3,3,4,4,3,3,3,Marketing Specialist
2,2,4,3,4,3,4,3,3,4,3,3,3,4,4,3,3,3,Marketing Specialist
2,2,4,3,4,3,4,3,3,4,4,3,3,4,4,3,3,3,Marketing Specialist
2,2,4,3,4,2,4,3,3,4,3,3,3,4,4,3,3,3,Marketing Specialist
2,2,4,3,4,2,4,3,3,4,3,3,3,4,4,3,3,3,Marketing Specialist
2,2,4,3,4,2,4,3,3,4,4,3,3,4,4,3,3,3,Marketing Specialist
2,2,4,3,4,3,4,3,4,4,3,3,3,4,4,3,3,3,Marketing Specialist
2,2,4,3,4,2,4,3,4,4,4,3,3,4,4,3,3,3,Marketing Specialist
2,2,4,3,4,3,4,3,4,4,4,3,3,4,4,3,3,3,Marketing Specialist
2,2,4,3,4,2,4,3,3,4,4,3,3,4,4,3,3,3,Marketing Specialist
2,2,4,3,4,2,4,3,4,4,3,3,3,4,4,3,3,3,Marketing Specialist
2,2,4,3,4,3,4,3,3,4,3,3,3,4,4,3,3,3,Marketing Specialist
2,2,4,3,4,3,4,3,3,4,3,3,3,4,4,3,3,3,Marketing Specialist
2,2,4,3,4,2,4,3,4,4,4,3,3,4,4,3,3,3,Marketing Specialist
2,2,4,3,4,3,4,3,3,4,3,3,3,4,4,3,3,3,Marketing Specialist
2,2,4,3,4,2,4,3,4,4,3,3,3,4,4,3,3,3,Marketing Specialist
2,2,4,3,4,3,4,3,4,4,4,3,3,4,4,3,3,3,Marketing Specialist
2,2,4,3,4,2,4,3,4,4,4,3,3,4,4,3,3,3,Marketing Specialist
2,2,4,3,4,3,4,3,3,4,4,3,3,4,4,3,3,3,Marketing Specialist
2,2,4,3,4,2,4,3,3,4,3,3,3,4,4,3,3,3,Marketing Specialist
2,2,4,3,4,3,4,3,4,4,3,3,3,4,4,3,3,3,Marketing Specialist
2,2,4,3,4,3,4,3,4,4,3,3,3,4,4,3,3,3,Marketing Specialist
2,2,4,3,4,2,4,3,4,4,4,3,3,4,4,3,3,3,Marketing Specialist
2,2,4,3,4,3,4,3,3,4,3,3,3,4,4,3,3,3,Marketing Specialist
2,2,4,3,4,3,4,3,3,4,4,3,3,4,4,3,3,3,Marketing Specialist
2,2,4,3,4,3,4,3,3,4,3,3,3,4,4,3,3,3,Marketing Specialist
2,2,4,3,4,3,4,3,4,4,4,3,3,4,4,3,3,3,Marketing Specialist
2,2,4,3,4,3,4,3,4,4,4,3,3,4,4,3,3,3,Marketing Specialist
2,2,4,3,4,2,4,3,3,4,3,3,3,4,4,3,3,3,Marketing Specialist
2,2,4,3,4,3,4,3,3,4,4,3,3,4,4,3,3,3,Marketing Specialist
2,2,4,3,4,2,4,3,4,4,4,3,3,4,4,3,3,3,Marketing Specialist
2,2,4,3,4,2,4,3,4,4,4,3,3,4,4,3,3,3,Marketing Specialist
2,2,4,3,4,2,4,3,3,4,3,3,3,4,4,3,3,3,Marketing Specialist
2,2,4,3,4,3,4,3,4,4,4,3,3,4,4,3,3,3,Marketing Specialist
2,2,4,3,4,2,4,3,3,4,3,3,3,4,4,3,3,3,Marketing Specialist
2,2,4,3,4,3,4,3,4,4,4,3,3,4,4,3,3,3,Marketing Specialist
2,2,4,3,4,2,4,3,4,4,4,3,3,4,4,3,3,3,Marketing Specialist
2,2,4,3,4,3,4,3,4,4,3,3,3,4,4,3,3,3,Marketing Specialist
2,2,4,3,4,2,4,3,4,4,4,3,3,4,4,3,3,3,Marketing Specialist
2,2,4,3,4,3,4,3,4,4,4,3,3,4,4,3,3,3,Marketing Specialist
2,2,4,3,4,2,4,3,4,4,4,3,3,4,4,3,3,3,Marketing Specialist
2,2,4,3,4,2,4,3,4,4,4,3,3,4,4,3,3,3,Marketing Specialist
2,2,4,3,4,2,4,3,3,4,3,3,3,4,4,3,3,3,Marketing Specialist
2,2,4,3,4,3,4,3,3,4,4,3,3,4,4,3,3,3,Marketing Specialist
2,2,4,3,4,3,4,3,4,4,4,3,3,4,4,3,3,3,Marketing Specialist
2,2,4,3,4,3,4,3,3,4,4,3,3,4,4,3,3,3,Marketing Specialist
2,2,4,3,4,3,4,3,4,4,4,3,3,4,4,3,3,3,Marketing Specialist
2,2,4,3,4,3,4,3,3,4,3,3,3,4,4,3,3,3,Marketing Specialist
2,2,4,3,4,2,4,3,3,4,3,3,3,4,4,3,3,3,Marketing Specialist
2,2,4,3,4,3,4,3,3,4,4,3,3,4,4,3,3,3,Marketing Specialist
2,2,4,3,4,2,4,3,3,4,4,3,3,4,4,3,3,3,Marketing Specialist
2,2,4,3,4,3,4,3,4,4,3,3,3,4,4,3,3,3,Marketing Specialist
2,2,4,3,4,2,4,3,4,4,4,3,3,4,4,3,3,3,Marketing Specialist
2,2,4,3,4,2,4,3,4,4,3,3,3,4,4,3,3,3,Marketing Specialist
2,2,4,3,4,2,4,3,4,4,3,3,3,4,4,3,3,3,Marketing Specialist
2,2,4,3,4,2,4,3,3,4,4,3,3,4,4,3,3,3,Marketing Specialist
2,2,4,3,4,2,4,3,3,4,3,3,3,4,4,3,3,3,Marketing Specialist
2,2,4,3,4,3,4,3,4,4,4,3,3,4,4,3,3,3,Marketing Specialist
2,2,4,3,4,2,4,3,4,4,4,3,3,4,4,3,3,3,Marketing Specialist
4,3,3,4,3,3,4,3,4,3,3,4,3,4,3,4,3,4,Product Manager
3,3,4,4,3,3,4,3,4,3,3,4,3,4,3,4,3,4,Product Manager
4,3,3,4,3,3,4,3,4,3,4,4,3,4,3,4,3,4,Product Manager
3,3,4,4,3,3,4,3,4,3,4,4,3,4,3,4,3,4,Product Manager
3,3,4,4,3,3,4,3,4,3,3,4,3,4,3,4,3,4,Product Manager
4,3,3,4,3,3,4,3,4,3,3,4,3,4,3,4,3,4,Product Manager
3,3,3,4,3,3,4,3,4,3,3,4,3,4,3,4,3,4,Product Manager
3,3,3,4,3,3,4,3,4,3,3,4,3,4,3,4,3,4,Product Manager
3,3,4,4,3,3,4,3,4,3,4,4,3,4,3,4,3,4,Product Manager
3,3,4,4,3,3,4,3,4,3,3,4,3,4,3,4,3,4,Product Manager
3,3,4,4,3,3,4,3,4,3,4,4,3,4,3,4,3,4,Product Manager
3,3,4,4,3,3,4,3,4,3,4,4,3,4,3,4,3,4,Product Manager
3,3,4,4,3,3,4,3,4,3,4,4,3,4,3,4,3,4,Product Manager
4,3,4,4,3,3,4,3,4,3,4,4,3,4,3,4,3,4,Product Manager
3,3,3,4,3,3,4,3,4,3,4,4,3,4,3,4,3,4,Product Manager
4,3,4,4,3,3,4,3,4,3,3,4,3,4,3,4,3,4,Product Manager
3,3,3,4,3,3,4,3,4,3,4,4,3,4,3,4,3,4,Product Manager
3,3,3,4,3,3,4,3,4,3,4,4,3,4,3,4,3,4,Product Manager
3,3,3,4,3,3,4,3,4,3,3,4,3,4,3,4,3,4,Product Manager
4,3,4,4,3,3,4,3,4,3,3,4,3,4,3,4,3,4,Product Manager
3,3,3,4,3,3,4,3,4,3,3,4,3,4,3,4,3,4,Product Manager
3,3,4,4,3,3,4,3,4,3,3,4,3,4,3,4,3,4,Product Manager
4,3,3,4,3,3,4,3,4,3,4,4,3,4,3,4,3,4,Product Manager
4,3,3,4,3,3,4,3,4,3,3,4,3,4,3,4,3,4,Product Manager
4,3,4,4,3,3,4,3,4,3,4,4,3,4,3,4,3,4,Product Manager
4,3,4,4,3,3,4,3,4,3,3,4,3,4,3,4,3,4,Product Manager
3,3,4,4,3,3,4,3,4,3,3,4,3,4,3,4,3,4,Product Manager
4,3,3,4,3,3,4,3,4,3,3,4,3,4,3,4,3,4,Product Manager
4,3,3,4,3,3,4,3,4,3,3,4,3,4,3,4,3,4,Product Manager
3,3,4,4,3,3,4,3,4,3,3,4,3,4,3,4,3,4,Product Manager
4,3,3,4,3,3,4,3,4,3,3,4,3,4,3,4,3,4,Product Manager
4,3,3,4,3,3,4,3,4,3,4,4,3,4,3,4,3,4,Product Manager
4,3,4,4,3,3,4,3,4,3,4,4,3,4,3,4,3,4,Product Manager
4,3,3,4,3,3,4,3,4,3,3,4,3,4,3,4,3,4,Product Manager
3,3,3,4,3,3,4,3,4,3,4,4,3,4,3,4,3,4,Product Manager
4,3,3,4,3,3,4,3,4,3,3,4,3,4,3,4,3,4,Product Manager
3,3,4,4,3,3,4,3,4,3,4,4,3,4,3,4,3,4,Product Manager
4,3,4,4,3,3,4,3,4,3,4,4,3,4,3,4,3,4,Product Manager
4,3,3,4,3,3,4,3,4,3,3,4,3,4,3,4,3,4,Product Manager
4,3,3,4,3,3,4,3,4,3,4,4,3,4,3,4,3,4,Product Manager
3,3,4,4,3,3,4,3,4,3,3,4,3,4,3,4,3,4,Product Manager
3,3,3,4,3,3,4,3,4,3,3,4,3,4,3,4,3,4,Product Manager
4,3,4,4,3,3,4,3,4,3,4,4,3,4,3,4,3,4,Product Manager
3,3,3,4,3,3,4,3,4,3,3,4,3,4,3,4,3,4,Product Manager
4,3,3,4,3,3,4,3,4,3,4,4,3,4,3,4,3,4,Product Manager
3,3,3,4,3,3,4,3,4,3,3,4,3,4,3,4,3,4,Product Manager
4,3,3,4,3,3,4,3,4,3,4,4,3,4,3,4,3,4,Product Manager
3,3,3,4,3,3,4,3,4,3,4,4,3,4,3,4,3,4,Product Manager
4,3,3,4,3,3,4,3,4,3,4,4,3,4,3,4,3,4,Product Manager
3,3,3,4,3,3,4,3,4,3,4,4,3,4,3,4,3,4,Product Manager
4,3,3,4,3,3,4,3,4,3,4,4,3,4,3,4,3,4,Product Manager
4,3,4,4,3,3,4,3,4,3,3,4,3,4,3,4,3,4,Product Manager
3,3,4,4,3,3,4,3,4,3,4,4,3,4,3,4,3,4,Product Manager
4,3,4,4,3,3,4,3,4,3,3,4,3,4,3,4,3,4,Product Manager
3,3,4,4,3,3,4,3,4,3,4,4,3,4,3,4,3,4,Product Manager
4,3,3,4,3,3,4,3,4,3,3,4,3,4,3,4,3,4,Product Manager
4,3,4,4,3,3,4,3,4,3,4,4,3,4,3,4,3,4,Product Manager
3,3,3,4,3,3,4,3,4,3,3,4,3,4,3,4,3,4,Product Manager
3,3,3,4,3,3,4,3,4,3,4,4,3,4,3,4,3,4,Product Manager
4,3,3,4,3,3,4,3,4,3,4,4,3,4,3,4,3,4,Product Manager
4,3,4,4,3,3,4,3,4,3,3,4,3,4,3,4,3,4,Product Manager
3,3,4,4,3,3,4,3,4,3,3,4,3,4,3,4,3,4,Product Manager
4,3,3,4,3,3,4,3,4,3,3,4,3,4,3,4,3,4,Product Manager
3,3,3,4,3,3,4,3,4,3,3,4,3,4,3,4,3,4,Product Manager
4,3,4,4,3,3,4,3,4,3,4,4,3,4,3,4,3,4,Product Manager
3,3,4,4,3,3,4,3,4,3,3,4,3,4,3,4,3,4,Product Manager
3,3,4,4,3,3,4,3,4,3,4,4,3,4,3,4,3,4,Product Manager
3,3,3,4,3,3,4,3,4,3,3,4,3,4,3,4,3,4,Product Manager
4,3,3,4,3,3,4,3,4,3,3,4,3,4,3,4,3,4,Product Manager
4,3,3,4,3,3,4,3,4,3,4,4,3,4,3,4,3,4,Product Manager
3,3,4,4,3,3,4,3,4,3,4,4,3,4,3,4,3,4,Product Manager
3,3,3,4,3,3,4,3,4,3,3,4,3,4,3,4,3,4,Product Manager
4,3,3,4,3,3,4,3,4,3,4,4,3,4,3,4,3,4,Product Manager
4,3,4,4,3,3,4,3,4,3,4,4,3,4,3,4,3,4,Product Manager
3,3,3,4,3,3,4,3,4,3,4,4,3,4,3,4,3,4,Product Manager
3,3,3,4,3,3,4,3,4,3,4,4,3,4,3,4,3,4,Product Manager
3,3,4,4,3,3,4,3,4,3,3,4,3,4,3,4,3,4,Product Manager
4,3,4,4,3,3,4,3,4,3,4,4,3,4,3,4,3,4,Product Manager
4,3,4,4,3,3,4,3,4,3,4,4,3,4,3,4,3,4,Product Manager
4,3,4,4,3,3,4,3,4,3,3,4,3,4,3,4,3,4,Product Manager
3,3,3,4,3,3,4,3,4,3,4,4,3,4,3,4,3,4,Product Manager
3,3,3,4,3,3,4,3,4,3,4,4,3,4,3,4,3,4,Product Manager
4,3,4,4,3,3,4,3,4,3,4,4,3,4,3,4,3,4,Product Manager
3,3,4,4,3,3,4,3,4,3,4,4,3,4,3,4,3,4,Product Manager
4,3,3,4,3,3,4,3,4,3,4,4,3,4,3,4,3,4,Product Manager
3,3,3,4,3,3,4,3,4,3,3,4,3,4,3,4,3,4,Product Manager
4,3,4,4,3,3,4,3,4,3,4,4,3,4,3,4,3,4,Product Manager
3,3,4,4,3,3,4,3,4,3,4,4,3,4,3,4,3,4,Product Manager
3,3,4,4,3,3,4,3,4,3,4,4,3,4,3,4,3,4,Product Manager
4,3,4,4,3,3,4,3,4,3,3,4,3,4,3,4,3,4,Product Manager
3,3,3,4,3,3,4,3,4,3,3,4,3,4,3,4,3,4,Product Manager
4,3,4,4,3,3,4,3,4,3,4,4,3,4,3,4,3,4,Product Manager
4,3,3,4,3,3,4,3,4,3,3,4,3,4,3,4,3,4,Product Manager
4,3,3,4,3,3,4,3,4,3,3,4,3,4,3,4,3,4,Product Manager
3,3,4,4,3,3,4,3,4,3,3,4,3,4,3,4,3,4,Product Manager
3,3,3,4,3,3,4,3,4,3,4,4,3,4,3,4,3,4,Product Manager
4,3,3,4,3,3,4,3,4,3,3,4,3,4,3,4,3,4,Product Manager
4,3,4,4,3,3,4,3,4,3,3,4,3,4,3,4,3,4,Product Manager
3,3,4,4,3,3,4,3,4,3,3,4,3,4,3,4,3,4,Product Manager
3,3,4,4,3,3,4,3,4,3,4,4,3,4,3,4,3,4,Product Manager
